,mean_fit_time,std_fit_time,mean_score_time,std_score_time,param_bootstrap,param_max_depth,param_min_samples_leaf,param_min_samples_split,param_n_estimators,params,split0_test_score,split1_test_score,split2_test_score,split3_test_score,split4_test_score,mean_test_score,std_test_score,rank_test_score,split0_train_score,split1_train_score,split2_train_score,split3_train_score,split4_train_score,mean_train_score,std_train_score
0,0.05777745246887207,0.021635326938949775,0.0025948524475097657,0.00016272913208694663,True,,1,2,10,"{'bootstrap': True, 'max_depth': None, 'min_samples_leaf': 1, 'min_samples_split': 2, 'n_estimators': 10}",0.5643293199744592,0.5311334776230205,0.5633647054891133,0.527392789398576,0.5080865700739073,0.5388613725118152,0.02185116426228193,254,0.9843085220744299,0.9814833611140746,0.985700699596904,0.9914269777566959,0.9885870600335538,0.9863013241151316,0.003436326271090137
1,0.24286904335021972,0.011017320664923055,0.005630922317504883,0.0007007977325403917,True,,1,2,50,"{'bootstrap': True, 'max_depth': None, 'min_samples_leaf': 1, 'min_samples_split': 2, 'n_estimators': 50}",0.6785644666866483,0.6555622813752365,0.5536262797349568,0.6094324365644169,0.5809553752636246,0.6156281679249767,0.0461314098983191,160,1.0,1.0,1.0,1.0,1.0,1.0,0.0
2,0.45981569290161134,0.026320123518067215,0.007981967926025391,0.001489538732436998,True,,1,2,100,"{'bootstrap': True, 'max_depth': None, 'min_samples_leaf': 1, 'min_samples_split': 2, 'n_estimators': 100}",0.65625,0.6612781870875146,0.5985795240441306,0.6036923425424945,0.6119897541381011,0.6263579615624482,0.026850599150780228,121,1.0,1.0,1.0,1.0,1.0,1.0,0.0
3,0.993487548828125,0.0475180237708274,0.02212381362915039,0.008056095311533422,True,,1,2,200,"{'bootstrap': True, 'max_depth': None, 'min_samples_leaf': 1, 'min_samples_split': 2, 'n_estimators': 200}",0.6786758482732964,0.6670757820592057,0.5982788631701521,0.6555063664765035,0.6081345056175178,0.6415342731193351,0.03229135994556936,68,1.0,1.0,1.0,1.0,1.0,1.0,0.0
4,0.04654507637023926,0.0035417733428765503,0.0021820545196533205,0.0004003407443445714,True,,1,5,10,"{'bootstrap': True, 'max_depth': None, 'min_samples_leaf': 1, 'min_samples_split': 5, 'n_estimators': 10}",0.4481736818721142,0.536740504407823,0.5068112346436368,0.5313239885084934,0.5415071783578451,0.5129113175579825,0.03450435432840214,321,0.982837560517008,0.97421875,0.9742346244437942,0.9813965316455265,0.9785267542907381,0.9782428441794133,0.0035608124697036865
5,0.2168430805206299,0.017436952872577724,0.004383754730224609,0.0007588284479701199,True,,1,5,50,"{'bootstrap': True, 'max_depth': None, 'min_samples_leaf': 1, 'min_samples_split': 5, 'n_estimators': 50}",0.6612781870875146,0.6324633594051904,0.581202449429662,0.6094266260816663,0.6173949065130319,0.6203531057034131,0.026391033769280682,142,1.0,1.0,1.0,1.0,1.0,1.0,0.0
6,0.4933225154876709,0.06709636640844234,0.00845198631286621,0.001166307032750696,True,,1,5,100,"{'bootstrap': True, 'max_depth': None, 'min_samples_leaf': 1, 'min_samples_split': 5, 'n_estimators': 100}",0.6383993935945891,0.6503494026200973,0.5700979538993481,0.6041583810049808,0.6012490234493173,0.6128508309136665,0.028624608468727167,173,1.0,1.0,1.0,1.0,1.0,1.0,0.0
7,0.9328689575195312,0.12621455862222167,0.01531081199645996,0.004234531332034219,True,,1,5,200,"{'bootstrap': True, 'max_depth': None, 'min_samples_leaf': 1, 'min_samples_split': 5, 'n_estimators': 200}",0.701891355556126,0.6965236525274136,0.5922206548916665,0.6209509190424386,0.6173949065130319,0.6457962977061353,0.044753103597376075,55,1.0,1.0,1.0,1.0,1.0,1.0,0.0
8,0.07763943672180176,0.020410658825021404,0.004112815856933594,0.0021406247273026147,True,,1,10,10,"{'bootstrap': True, 'max_depth': None, 'min_samples_leaf': 1, 'min_samples_split': 10, 'n_estimators': 10}",0.563226547031889,0.5290811459506058,0.5349465259268655,0.4591714406856693,0.5526953793438837,0.5278242077877826,0.03643462786560141,282,0.9629603138673296,0.9599422724104986,0.9356525100131244,0.9613218943818079,0.9527280462548439,0.9545210073855209,0.010060804888372117
9,0.20995168685913085,0.008504447679352945,0.004167413711547852,0.0003600151680818021,True,,1,10,50,"{'bootstrap': True, 'max_depth': None, 'min_samples_leaf': 1, 'min_samples_split': 10, 'n_estimators': 50}",0.6440008336231955,0.621249430342479,0.5286260914431442,0.597850936751175,0.5656364965726427,0.5914727577465273,0.04075229075892742,213,0.9971402515216047,0.9914125529488957,0.9871235140583121,0.9942708333333333,0.99140625,0.992270680372429,0.0033373725789271904
10,0.5188924312591553,0.11080150703189137,0.008187818527221679,0.0013444803423320595,True,,1,10,100,"{'bootstrap': True, 'max_depth': None, 'min_samples_leaf': 1, 'min_samples_split': 10, 'n_estimators': 100}",0.6693195219857062,0.6516946235415336,0.5405513548181774,0.5921085306372637,0.5624725290865096,0.603229312013838,0.04986003555320475,194,0.9957047054745953,0.9957139876774905,0.9928404921481778,0.9971402515216047,0.9942708333333333,0.9951340540310405,0.001462352252976875
11,0.8992526054382324,0.06466108798503029,0.01384735107421875,0.0022856142544938865,True,,1,10,200,"{'bootstrap': True, 'max_depth': None, 'min_samples_leaf': 1, 'min_samples_split': 10, 'n_estimators': 200}",0.6613694353744256,0.6728624271423855,0.6152613595598594,0.6612781870875146,0.560904640035022,0.6343352098398415,0.041706067166935014,88,0.9942901168365917,0.9985689188010128,0.99140625,0.9957047054745953,0.9957035870275044,0.9951347156279409,0.0023262440794358918
12,0.042429876327514646,0.002191332859029853,0.0020346641540527344,9.727326092748956e-05,True,,2,2,10,"{'bootstrap': True, 'max_depth': None, 'min_samples_leaf': 2, 'min_samples_split': 2, 'n_estimators': 10}",0.3842194136263625,0.4741364750682446,0.4707295318699768,0.5461823000944346,0.4566455066570431,0.46638264546321234,0.05156085862792836,350,0.9684853510535172,0.9742481432773201,0.9685218651175282,0.9713850041974242,0.9584699322311678,0.9682220591753914,0.005321298656685214
13,0.21320619583129882,0.0021353358637096324,0.004256391525268554,0.00021624287011525205,True,,2,2,50,"{'bootstrap': True, 'max_depth': None, 'min_samples_leaf': 2, 'min_samples_split': 2, 'n_estimators': 50}",0.6440611887195306,0.6059616675035313,0.6100505602191924,0.6113865073248417,0.5830951894845301,0.6109110226503252,0.019483925080760432,177,0.9985689188010128,1.0,0.9985689188010128,1.0,0.9985689188010128,0.9991413512806077,0.0007010837436017805
14,0.5130057334899902,0.1323758659906551,0.008007574081420898,0.0015091622788545062,True,,2,2,100,"{'bootstrap': True, 'max_depth': None, 'min_samples_leaf': 2, 'min_samples_split': 2, 'n_estimators': 100}",0.6445664096751254,0.65625,0.5805807539345913,0.6267185517348044,0.5898263304304183,0.6195884091549878,0.02975295004627402,147,0.9985685463414732,1.0,1.0,1.0,1.0,0.9997137092682946,0.0005725814634107262
15,0.9094748497009277,0.03613938552580377,0.015008926391601562,0.0024279322072590383,True,,2,2,200,"{'bootstrap': True, 'max_depth': None, 'min_samples_leaf': 2, 'min_samples_split': 2, 'n_estimators': 200}",0.6615374276293189,0.6325600960638247,0.5985795240441306,0.6325600960638247,0.5939512170869513,0.62383767217761,0.024918295138468112,129,1.0,1.0,0.9985685463414732,0.9985689188010128,1.0,0.9994274930284972,0.000701174987076382
16,0.0481360912322998,0.0006387026211370769,0.0025693893432617186,2.5625904998548174e-05,True,,2,5,10,"{'bootstrap': True, 'max_depth': None, 'min_samples_leaf': 2, 'min_samples_split': 5, 'n_estimators': 10}",0.5805807539345913,0.5458855056986571,0.5523377288254981,0.43854166666666666,0.47952979172869453,0.5193750893708216,0.052263105760460025,306,0.977081374879436,0.97428533814877,0.9628249860816396,0.9684853510535172,0.9770833333333333,0.971952076699339,0.00553905358888599
17,0.23535995483398436,0.002537838232061755,0.005652952194213867,4.8310546714994e-05,True,,2,5,50,"{'bootstrap': True, 'max_depth': None, 'min_samples_leaf': 2, 'min_samples_split': 5, 'n_estimators': 50}",0.6498137077451323,0.621249430342479,0.557416274473035,0.6038440909348385,0.5481826469436486,0.5961012300878267,0.03839304761983541,207,1.0,0.9985689188010128,0.9914269777566959,0.9957035870275044,0.9985685463414732,0.9968536059853372,0.0030513587567342097
18,0.45876684188842776,0.032084531705254854,0.007873439788818359,0.001231005615146061,True,,2,5,100,"{'bootstrap': True, 'max_depth': None, 'min_samples_leaf': 2, 'min_samples_split': 5, 'n_estimators': 100}",0.6555383078412006,0.6557052811009695,0.5760416666666667,0.6152398322902826,0.6402613845320331,0.6285572944862305,0.03012381100498018,112,1.0,0.9985689188010128,1.0,0.9985689188010128,0.9971402515216047,0.998855617824726,0.0010701490868519172
19,0.9626065254211426,0.0772062228377258,0.015816879272460938,0.0019185669151821894,True,,2,5,200,"{'bootstrap': True, 'max_depth': None, 'min_samples_leaf': 2, 'min_samples_split': 5, 'n_estimators': 200}",0.6386204521928659,0.6671905646871329,0.6097641467563155,0.6267494209895906,0.5934506456511595,0.6271550460554128,0.025190842807429656,118,1.0,1.0,1.0,1.0,0.9985689188010128,0.9997137837602026,0.0005724324795948644
20,0.055871772766113284,0.02030402117884907,0.002960395812988281,0.0013971477270150491,True,,2,10,10,"{'bootstrap': True, 'max_depth': None, 'min_samples_leaf': 2, 'min_samples_split': 10, 'n_estimators': 10}",0.5924114847666656,0.6036233957244767,0.5178818780670077,0.5037754637351587,0.5175491695067657,0.5470482783600149,0.04207606734246908,241,0.9327171811368493,0.9369665970251483,0.9212632163112782,0.9285735474162691,0.9241267075176709,0.9287294498814432,0.005669334708809536
21,0.22005782127380372,0.015281144582119294,0.0049000740051269535,0.000747770135620561,True,,2,10,50,"{'bootstrap': True, 'max_depth': None, 'min_samples_leaf': 2, 'min_samples_split': 10, 'n_estimators': 50}",0.6094266260816663,0.6211283415865692,0.5638230124116617,0.6440611887195306,0.5662723531498558,0.6009423043898566,0.03136413669801704,197,0.9871430428179717,0.9856773987053548,0.9928404921481778,0.9885638386767999,0.9813836388425078,0.9871216822381624,0.0037362054330113787
22,0.41294374465942385,0.010123879667302214,0.0067024707794189455,0.0004284978043902049,True,,2,10,100,"{'bootstrap': True, 'max_depth': None, 'min_samples_leaf': 2, 'min_samples_split': 10, 'n_estimators': 100}",0.6670633740309424,0.621875,0.6036233957244767,0.6100505602191924,0.5994149194122841,0.620405449877379,0.024529920156872977,141,0.9914125529488957,0.9942708333333333,0.9885638386767999,0.9885638386767999,0.9885487036625412,0.9902719534596741,0.0022845966613402463
23,0.9441282749176025,0.07427129255286914,0.014470911026000977,0.002289436220180842,True,,2,10,200,"{'bootstrap': True, 'max_depth': None, 'min_samples_leaf': 2, 'min_samples_split': 10, 'n_estimators': 200}",0.6731064446466838,0.65625,0.6267185517348044,0.6267494209895906,0.6059616675035313,0.6377572169749219,0.023855949320571473,80,0.9928504964710977,0.9900058357183138,0.9842600228519194,0.9914125529488957,0.9914125529488957,0.9899882921878245,0.0030020868791683815
24,0.04409346580505371,0.009952355247904663,0.002069854736328125,0.0003014600416269573,True,,4,2,10,"{'bootstrap': True, 'max_depth': None, 'min_samples_leaf': 4, 'min_samples_split': 2, 'n_estimators': 10}",0.551646188120953,0.6324694015204602,0.47952979172869453,0.5018301950944892,0.44664628743529533,0.5224243727799784,0.06476141798776214,294,0.9198485007592972,0.918656058683678,0.925571594903416,0.9097291133864074,0.9197629720872524,0.9187136479640102,0.0051018738970626115
25,0.2483430862426758,0.038132722776820636,0.006343936920166016,0.0016838910470307954,True,,4,2,50,"{'bootstrap': True, 'max_depth': None, 'min_samples_leaf': 4, 'min_samples_split': 2, 'n_estimators': 50}",0.6565641314848955,0.6498137077451323,0.6156363467926402,0.6039044765346255,0.607332247634187,0.626650182038296,0.02210541820452435,120,0.9770874438402906,0.9842600228519194,0.9813819989529188,0.982837560517008,0.9799479166666667,0.9811029885657607,0.002470313448471877
26,0.4472034931182861,0.05133985397375868,0.00753936767578125,0.0012477710591451802,True,,4,2,100,"{'bootstrap': True, 'max_depth': None, 'min_samples_leaf': 4, 'min_samples_split': 2, 'n_estimators': 100}",0.649968410611954,0.6498764436064656,0.5517010398791544,0.6044914319225264,0.5844924024240125,0.6081059456888226,0.03807733709284715,184,0.9799571558034779,0.9885487036625412,0.9771112823572161,0.9885638386767999,0.9871087090855981,0.9842579379171268,0.004788522961629129
27,0.9229905128479003,0.0537446896679922,0.014443922042846679,0.002149540087150039,True,,4,2,200,"{'bootstrap': True, 'max_depth': None, 'min_samples_leaf': 4, 'min_samples_split': 2, 'n_estimators': 200}",0.6382661297399683,0.6325428084502813,0.598056818096707,0.6095479826756331,0.560904640035022,0.6078636757995224,0.02770390290765003,186,0.9842478521689253,0.9914269777566959,0.985700699596904,0.9856770833333334,0.982837560517008,0.9859780346745733,0.0029228265978157924
28,0.04938383102416992,0.005795969477393412,0.002712869644165039,0.00025789505717794755,True,,4,5,10,"{'bootstrap': True, 'max_depth': None, 'min_samples_leaf': 4, 'min_samples_split': 5, 'n_estimators': 10}",0.5760416666666667,0.5361878640532406,0.4472754265967973,0.48233502060557243,0.5060480768510598,0.5095776109546672,0.0441854156647576,329,0.9125967226434527,0.8997013963097582,0.9299897887547273,0.9269445634922543,0.9369791666666667,0.921242327573372,0.013382375577976698
29,0.21066999435424805,0.013382933066387784,0.004926347732543945,0.0007286923449855424,True,,4,5,50,"{'bootstrap': True, 'max_depth': None, 'min_samples_leaf': 4, 'min_samples_split': 5, 'n_estimators': 50}",0.6348765741014344,0.621875,0.6151640840426085,0.6324694015204602,0.5650734396542887,0.6138916998637584,0.025432540250867164,166,0.9813836388425078,0.99140625,0.9799744214371121,0.9828120574300485,0.9799571558034779,0.9831067047026292,0.004281800598819368
30,0.42650547027587893,0.017702666526220878,0.00764613151550293,0.0012561994103496203,True,,4,5,100,"{'bootstrap': True, 'max_depth': None, 'min_samples_leaf': 4, 'min_samples_split': 5, 'n_estimators': 100}",0.6618046930315508,0.6325600960638247,0.5748769891303521,0.5805282397141488,0.5487954724560283,0.5997130980791809,0.041259634360077194,201,0.9856848543761868,0.98572460737223,0.9756552121896728,0.9899762788217603,0.9799571558034779,0.9833996217126655,0.005014114393787843
31,0.7979104042053222,0.00777301653772431,0.011994647979736327,0.0004947947684717112,True,,4,5,200,"{'bootstrap': True, 'max_depth': None, 'min_samples_leaf': 4, 'min_samples_split': 5, 'n_estimators': 200}",0.6846754616640486,0.6392608709294946,0.5574756092574688,0.6215215963942541,0.6005604038910397,0.620698788427261,0.04204989311349396,137,0.9885416666666667,0.989987005264705,0.9828125,0.9856848543761868,0.9899736683995669,0.9873999389414252,0.002778728082794832
32,0.05240821838378906,0.006266306528900627,0.0028769969940185547,0.000660375084057208,True,,4,10,10,"{'bootstrap': True, 'max_depth': None, 'min_samples_leaf': 4, 'min_samples_split': 10, 'n_estimators': 10}",0.545995111029903,0.5297533069937602,0.4596921643501358,0.5641664155189454,0.5252983618719972,0.5249810719529482,0.035390951795223245,286,0.9126727426920997,0.9083333333333333,0.9125967226434527,0.922639890648617,0.8968264645957358,0.9106138307826477,0.008343730931312899
33,0.23728809356689454,0.02065915753950149,0.005549716949462891,7.370603849217191e-05,True,,4,10,50,"{'bootstrap': True, 'max_depth': None, 'min_samples_leaf': 4, 'min_samples_split': 10, 'n_estimators': 50}",0.6441008996345887,0.644219997514806,0.5227092234209403,0.6041583810049808,0.560904640035022,0.5952186283220675,0.04755122164728211,209,0.9799479166666667,0.9772131141856927,0.9713551975030942,0.9771112823572161,0.9799479166666667,0.9771150854758673,0.00313801844040757
34,0.4562251567840576,0.07285229234310348,0.008040857315063477,0.001306060418106675,True,,4,10,100,"{'bootstrap': True, 'max_depth': None, 'min_samples_leaf': 4, 'min_samples_split': 10, 'n_estimators': 100}",0.6498137077451323,0.6497474141506256,0.5863954716083737,0.6327087004975053,0.5765205995736205,0.6190371787150515,0.03146542341117824,151,0.9871235140583121,0.9785330404391338,0.9728290783162611,0.9828125,0.9813787904576606,0.9805353846542735,0.0047475588763591335
35,0.8698556423187256,0.11208001236854986,0.012572002410888673,0.0017506145935452415,True,,4,10,200,"{'bootstrap': True, 'max_depth': None, 'min_samples_leaf': 4, 'min_samples_split': 10, 'n_estimators': 200}",0.673781200845412,0.6786758482732964,0.5805807539345913,0.5921085306372637,0.5777017033969172,0.6205696074174961,0.04572659486779042,138,0.9856770833333334,0.9842802499176295,0.9785194255160903,0.9885487036625412,0.9799479166666667,0.9833946758192521,0.003693395259862171
36,0.029044055938720705,0.0017598510760343377,0.0020463943481445314,0.00030682084628757286,True,5,1,2,10,"{'bootstrap': True, 'max_depth': 5, 'min_samples_leaf': 1, 'min_samples_split': 2, 'n_estimators': 10}",0.598056818096707,0.42302984335152183,0.4588548036464487,0.45997579455633486,0.458072122695268,0.47959787646925617,0.060845907777882555,344,0.672048599589417,0.6728624271423855,0.6425528188013527,0.6713901227058067,0.693959166528461,0.6705626269534847,0.01637149572645328
37,0.1432870388031006,0.010020541376693275,0.004029417037963867,0.0005867274314428117,True,5,1,2,50,"{'bootstrap': True, 'max_depth': 5, 'min_samples_leaf': 1, 'min_samples_split': 2, 'n_estimators': 50}",0.571919358591425,0.471544798883942,0.41221583258802225,0.5111071275800989,0.5602287114655289,0.5054031658218034,0.05880994409512802,334,0.7361022662041138,0.7092076556306289,0.7376886506829606,0.7461302735673391,0.732740666111125,0.7323739024392335,0.01239511596282867
38,0.2896254062652588,0.016738770998844788,0.00635995864868164,0.0010746837730073165,True,5,1,2,100,"{'bootstrap': True, 'max_depth': 5, 'min_samples_leaf': 1, 'min_samples_split': 2, 'n_estimators': 100}",0.5880064914496507,0.5518400241743088,0.5284854702990809,0.517284576740244,0.47790075734072746,0.5327034640008024,0.036560916270723005,270,0.7278645833333334,0.7492049050827888,0.7576445765560819,0.766404043773385,0.7480601559655405,0.7498356529422259,0.012820054562101352
39,0.5752231121063233,0.031605274743195966,0.011042022705078125,0.0018132353294890832,True,5,1,2,200,"{'bootstrap': True, 'max_depth': 5, 'min_samples_leaf': 1, 'min_samples_split': 2, 'n_estimators': 200}",0.5987642635515075,0.5464395176948256,0.5169190519489548,0.5227903496883294,0.5192847999769614,0.5408395965721157,0.03081948469930342,249,0.7522465727291072,0.7538659418050027,0.7693180363440322,0.7812694941193533,0.7455596056866416,0.7604519301368274,0.012995870647778527
40,0.03652620315551758,0.013214887639473033,0.0028913021087646484,0.0015490579581544043,True,5,1,5,10,"{'bootstrap': True, 'max_depth': 5, 'min_samples_leaf': 1, 'min_samples_split': 5, 'n_estimators': 10}",0.43558889526053896,0.4886343565978945,0.4277075206223069,0.46004370622823615,0.39655764700343044,0.4417064251424813,0.0310170672223297,359,0.6311062583327032,0.7016177599128465,0.613772523109488,0.6716763274576505,0.6058787493278205,0.6448103236281018,0.03637493896398119
41,0.13834786415100098,0.002873211037018269,0.0035297393798828123,0.000127967351692957,True,5,1,5,50,"{'bootstrap': True, 'max_depth': 5, 'min_samples_leaf': 1, 'min_samples_split': 5, 'n_estimators': 50}",0.5517319676924559,0.5458834888381263,0.45887597542973935,0.5344696471239018,0.4687627993895242,0.5119447756947495,0.03980755548632242,323,0.6979109022126411,0.7607769232820665,0.7334162588127352,0.7496148168375449,0.728195468504767,0.733982873929951,0.021434929333080572
42,0.2928174495697021,0.01670085290165867,0.006771898269653321,0.0010092069214944332,True,5,1,5,100,"{'bootstrap': True, 'max_depth': 5, 'min_samples_leaf': 1, 'min_samples_split': 5, 'n_estimators': 100}",0.6238376383801695,0.5111402064035755,0.4938480474601814,0.5231631226958185,0.5361878640532406,0.5376353757985971,0.045302749582322915,258,0.7533143350575641,0.760720848670699,0.7360850261236749,0.755047004654129,0.7361549875630639,0.7482644404138261,0.010214144125129172
43,0.6125257968902588,0.06650408353648626,0.0118194580078125,0.0017129151022506773,True,5,1,5,200,"{'bootstrap': True, 'max_depth': 5, 'min_samples_leaf': 1, 'min_samples_split': 5, 'n_estimators': 200}",0.5467930402527963,0.5635535401295892,0.48796594531160714,0.5234535341589056,0.484375,0.5212282119705797,0.031351183465859786,298,0.7461843194743759,0.749902086963976,0.7477029943199333,0.7838847468936806,0.735304225054808,0.7525956745413548,0.01643349921103752
44,0.029522180557250977,0.00193434172654652,0.0020764827728271484,0.0002715181541391681,True,5,1,10,10,"{'bootstrap': True, 'max_depth': 5, 'min_samples_leaf': 1, 'min_samples_split': 10, 'n_estimators': 10}",0.4531465254833867,0.47058367574440074,0.46486413833411594,0.443988534481028,0.41957682440204647,0.45043193968899553,0.01797390002119198,358,0.6239731641059532,0.6385568963479714,0.6195427866904518,0.6601421544842931,0.6151640840426085,0.6314758171342556,0.01635029195082495
45,0.15124897956848143,0.012837952634844343,0.004263925552368164,0.0006693823892226382,True,5,1,10,50,"{'bootstrap': True, 'max_depth': 5, 'min_samples_leaf': 1, 'min_samples_split': 10, 'n_estimators': 50}",0.5528539294608128,0.53570447587617,0.45303562818517973,0.5175491695067657,0.5004675506229855,0.5119221507303827,0.03426807038855174,324,0.7044465799794981,0.7338287731757361,0.7375060007029881,0.7506141568748333,0.7204354397381554,0.7293661900942422,0.015737804974062894
46,0.2864792823791504,0.018360172812038188,0.007242536544799805,0.002534593283282382,True,5,1,10,100,"{'bootstrap': True, 'max_depth': 5, 'min_samples_leaf': 1, 'min_samples_split': 10, 'n_estimators': 100}",0.6058860553306609,0.5169618966072066,0.5054038054228992,0.5518400241743088,0.5057660942622223,0.5371715751594596,0.038316497004050085,260,0.7132415417122286,0.755047004654129,0.7424161311597075,0.7741649620262059,0.7333641991011061,0.7436467677306755,0.020459956198364954
47,0.5534955024719238,0.01378006433802707,0.009918022155761718,0.0007451934218467678,True,5,1,10,200,"{'bootstrap': True, 'max_depth': 5, 'min_samples_leaf': 1, 'min_samples_split': 10, 'n_estimators': 200}",0.5997240121125966,0.5518400241743088,0.5053247524772089,0.5694255012307455,0.541224343168822,0.5535077266327364,0.031191608906860225,237,0.733285496116149,0.7404005751568661,0.7504775604573511,0.7888934916555407,0.7425987332978846,0.7511311713367583,0.019661314098414723
48,0.030306625366210937,0.001419586156034089,0.002152252197265625,0.0003057958368538572,True,5,2,2,10,"{'bootstrap': True, 'max_depth': 5, 'min_samples_leaf': 2, 'min_samples_split': 2, 'n_estimators': 10}",0.5284854702990809,0.5563447673050727,0.4298259384703491,0.5285233571967886,0.4755994002414289,0.503755786702544,0.04527470648821121,335,0.6858054437713883,0.7060469427850579,0.6300610281153333,0.7062719934062551,0.657822025323142,0.6772014866802353,0.02949226723407181
49,0.14823675155639648,0.010826989490694652,0.004403448104858399,0.0005264627231128593,True,5,2,2,50,"{'bootstrap': True, 'max_depth': 5, 'min_samples_leaf': 2, 'min_samples_split': 2, 'n_estimators': 50}",0.5477236022060262,0.523812620491365,0.5226992479994413,0.49491131089468077,0.4984447862792268,0.517518313574148,0.019254588315733637,311,0.7146908257662349,0.728195468504767,0.7505024447976381,0.7596751582829295,0.7366075996459568,0.7379342993995052,0.015921603246598526
50,0.27266345024108884,0.0020057592692415914,0.005528831481933593,9.164018725816222e-05,True,5,2,2,100,"{'bootstrap': True, 'max_depth': 5, 'min_samples_leaf': 2, 'min_samples_split': 2, 'n_estimators': 100}",0.6120872719038307,0.5401635656611493,0.4762936074941706,0.5464395176948256,0.5408524452393346,0.5431672815986621,0.04300498031105477,246,0.7433809043407459,0.757804474428087,0.7590598654020856,0.7739841081820943,0.7324421066982606,0.7533342918102547,0.01424593249074934
51,0.6318109512329102,0.04560502704863603,0.013325309753417969,0.00011560421024590684,True,5,2,2,200,"{'bootstrap': True, 'max_depth': 5, 'min_samples_leaf': 2, 'min_samples_split': 2, 'n_estimators': 200}",0.565685424949238,0.5170046059518743,0.48792288674141404,0.5694255012307455,0.48386916229351323,0.524781516233357,0.03676703619040781,288,0.7504588706868182,0.7506637135210339,0.7467526984809976,0.7972459260056504,0.7510897883434307,0.7592421994075862,0.019065518395351748
52,0.03549599647521973,0.009752934304742769,0.002295827865600586,0.00023157033856503368,True,5,2,5,10,"{'bootstrap': True, 'max_depth': 5, 'min_samples_leaf': 2, 'min_samples_split': 5, 'n_estimators': 10}",0.42554042826111843,0.4937443935662728,0.40806723570273845,0.4656151791992785,0.4085236164793055,0.4402981706417427,0.03395201345027349,360,0.6371897603339107,0.6166627190659111,0.6547734286652226,0.66484375,0.6485031836000195,0.6443945683330128,0.01651505503553904
53,0.1518270492553711,0.007188965503388233,0.004506158828735352,0.0005559312589184624,True,5,2,5,50,"{'bootstrap': True, 'max_depth': 5, 'min_samples_leaf': 2, 'min_samples_split': 5, 'n_estimators': 50}",0.5545502569884785,0.5518400241743088,0.487910524750126,0.5633585066523304,0.45545302715542074,0.5226224679441329,0.04300959644342589,293,0.7034777370026915,0.7420133696606426,0.7289646813326595,0.772783981434444,0.71536688127848,0.7325213301417834,0.023923357090200423
54,0.3105978488922119,0.02447165570278116,0.007276678085327148,0.0008167365842822349,True,5,2,5,100,"{'bootstrap': True, 'max_depth': 5, 'min_samples_leaf': 2, 'min_samples_split': 5, 'n_estimators': 100}",0.5981491886837906,0.5169051113881449,0.487910524750126,0.5520524474738834,0.51875,0.534753454459189,0.037648926268715854,264,0.7510897883434307,0.7436539327498547,0.7693180363440322,0.7746019428936649,0.7467526984809976,0.7570832797623959,0.01248665717238055
55,0.5891257762908936,0.03696203483920362,0.011492919921875,0.0017037055644563456,True,5,2,5,200,"{'bootstrap': True, 'max_depth': 5, 'min_samples_leaf': 2, 'min_samples_split': 5, 'n_estimators': 200}",0.6160437747751744,0.5575252005292465,0.48792288674141404,0.5285199877915141,0.5192847999769614,0.5418593299628621,0.0432329474214813,247,0.7583827712556706,0.7606273790434203,0.7547595425876233,0.7768458981619273,0.7366075996459568,0.7574446381389196,0.012874864932628129
56,0.03213686943054199,0.006360918269250929,0.0030182838439941407,0.0018425185030223076,True,5,2,10,10,"{'bootstrap': True, 'max_depth': 5, 'min_samples_leaf': 2, 'min_samples_split': 10, 'n_estimators': 10}",0.4705018309576201,0.4182090212143937,0.48233502060557243,0.4244971671327469,0.4687627993895242,0.4528611678599715,0.026222321330867722,355,0.6585766019975103,0.6181837302441923,0.7274682095709678,0.6759212631234751,0.6477506385863584,0.6655800887045007,0.036195116536943094
57,0.15763444900512696,0.026626237796951304,0.00399470329284668,0.000466965462862263,True,5,2,10,50,"{'bootstrap': True, 'max_depth': 5, 'min_samples_leaf': 2, 'min_samples_split': 10, 'n_estimators': 50}",0.5712586007383165,0.540065829210017,0.5054038054228992,0.5068112346436368,0.4963904801382978,0.5239859900306335,0.027910725267438208,290,0.731806886897435,0.7290866275477883,0.7434718588525902,0.7532281760800504,0.6923724497065974,0.7299931998168923,0.020692851636817056
58,0.28653779029846194,0.016456848286216987,0.006452178955078125,0.0009947568818848443,True,5,2,10,100,"{'bootstrap': True, 'max_depth': 5, 'min_samples_leaf': 2, 'min_samples_split': 10, 'n_estimators': 100}",0.6246109900481169,0.5349465259268655,0.48219069011670074,0.541224343168822,0.5068112346436368,0.5379567567808283,0.0481842142078192,257,0.7389452031291043,0.7376886506829606,0.7446957494569573,0.7645368535598861,0.7398385344187288,0.7451409982495274,0.009984377134421102
59,0.6469361305236816,0.039546865971680105,0.013272428512573242,0.0020102372097371953,True,5,2,10,200,"{'bootstrap': True, 'max_depth': 5, 'min_samples_leaf': 2, 'min_samples_split': 10, 'n_estimators': 200}",0.5867843687183848,0.5574756092574688,0.47048476410753376,0.5459974238265741,0.495340198468575,0.5312164728757073,0.04235860554397096,274,0.7492579317729213,0.7691945520186603,0.7491580148631904,0.770965268604708,0.7360798285045819,0.7549311191528124,0.013277231737486133
60,0.046701908111572266,0.022234827253021512,0.002201700210571289,0.00027460317093478786,True,5,4,2,10,"{'bootstrap': True, 'max_depth': 5, 'min_samples_leaf': 4, 'min_samples_split': 2, 'n_estimators': 10}",0.5863134625331698,0.4680876491928688,0.4240846099662854,0.5227903496883294,0.4035890799912801,0.48097303027438665,0.06668717424455836,342,0.6292939302752057,0.6179573724363655,0.6297216605926914,0.6618138952944901,0.6581375307762016,0.6393848778749909,0.017372770615341395
61,0.1514033317565918,0.015353772282680126,0.004385042190551758,0.0005680993636930434,True,5,4,2,50,"{'bootstrap': True, 'max_depth': 5, 'min_samples_leaf': 4, 'min_samples_split': 2, 'n_estimators': 50}",0.592251970515496,0.5053247524772089,0.4588548036464487,0.5013109978529917,0.5192847999769614,0.5154054648938213,0.04340204308199312,316,0.7180405101858117,0.7058769252271329,0.7375150697678601,0.7579749993819422,0.7480601559655405,0.7334935321056575,0.019126810490940914
62,0.28548245429992675,0.0155311231805829,0.006360101699829102,0.0010504977720559058,True,5,4,2,100,"{'bootstrap': True, 'max_depth': 5, 'min_samples_leaf': 4, 'min_samples_split': 2, 'n_estimators': 100}",0.6164790226981529,0.5464395176948256,0.4472754265967973,0.5288030592182655,0.51875,0.5315494052416083,0.05423693582390023,273,0.7365299664633472,0.7508492128951195,0.7403812169840891,0.7406053357374908,0.7238557516286185,0.7384442967417331,0.008703953162455626
63,0.5946220874786377,0.08873114862953319,0.009868955612182618,0.0004146805402008835,True,5,4,2,200,"{'bootstrap': True, 'max_depth': 5, 'min_samples_leaf': 4, 'min_samples_split': 2, 'n_estimators': 200}",0.6097534939316243,0.5344696471239018,0.4531465254833867,0.5403215416962872,0.5242399832017772,0.5323862382873955,0.049796175426778326,272,0.7290399889641268,0.7422576650360562,0.7534021257793888,0.7649943293640248,0.7324421066982606,0.7444272431683714,0.013331704391310378
64,0.039644622802734376,0.009811402065433178,0.00238494873046875,0.00018816367656562338,True,5,4,5,10,"{'bootstrap': True, 'max_depth': 5, 'min_samples_leaf': 4, 'min_samples_split': 5, 'n_estimators': 10}",0.4762936074941706,0.4656151791992785,0.4771247678985865,0.4481736818721142,0.3903537181375287,0.4515121909203357,0.03231260256017505,357,0.6357889867255625,0.6732070719471162,0.6575545965907,0.6808242024813641,0.6234601308464287,0.6541669977182343,0.021749803583825993
65,0.1468348503112793,0.011595725592583329,0.004107904434204101,0.0005741428370097745,True,5,4,5,50,"{'bootstrap': True, 'max_depth': 5, 'min_samples_leaf': 4, 'min_samples_split': 5, 'n_estimators': 50}",0.5692289455418137,0.5297533069937602,0.5060480768510598,0.5343379276934932,0.5247353077336568,0.5328207129627568,0.020588434333560182,269,0.7217456617214094,0.7082649214606445,0.7276286810135751,0.7391992208466411,0.717435747846162,0.7228548465776864,0.010328512985839164
66,0.3016666412353516,0.02660893095062066,0.006821346282958984,0.001038448026036298,True,5,4,5,100,"{'bootstrap': True, 'max_depth': 5, 'min_samples_leaf': 4, 'min_samples_split': 5, 'n_estimators': 100}",0.5931355829402194,0.5170046059518743,0.4414428557263045,0.5517010398791544,0.4834260273085173,0.517342022361214,0.052604748789749196,313,0.7361255904207884,0.7289360324909187,0.734885759191556,0.7504775604573511,0.73359375,0.7368037385121229,0.0072569519825028865
67,0.5976792812347412,0.037675651907088076,0.01058211326599121,0.0014089938907827899,True,5,4,5,200,"{'bootstrap': True, 'max_depth': 5, 'min_samples_leaf': 4, 'min_samples_split': 5, 'n_estimators': 200}",0.5814638630612526,0.5288030592182655,0.4940215519418308,0.5227903496883294,0.5182822708186985,0.5290722189456754,0.028738096455596364,278,0.7274682095709678,0.7467526984809976,0.7590628315443023,0.7851035094339164,0.7319081720394507,0.750059084213927,0.0207841989092822
68,0.029500436782836915,0.0017167278715465232,0.0020674705505371095,0.0002703862040221918,True,5,4,10,10,"{'bootstrap': True, 'max_depth': 5, 'min_samples_leaf': 4, 'min_samples_split': 10, 'n_estimators': 10}",0.5134645500874185,0.4541055904999705,0.4302807932367006,0.4355948827242785,0.49583333333333335,0.4658558299763403,0.033119834641810446,351,0.5911099137251163,0.6413486766182651,0.6382464092184288,0.678726014188103,0.6616702230069702,0.6422202473513767,0.02946112623026462
69,0.14895982742309571,0.007553295668818465,0.004531097412109375,0.00048987130182186,True,5,4,10,50,"{'bootstrap': True, 'max_depth': 5, 'min_samples_leaf': 4, 'min_samples_split': 10, 'n_estimators': 50}",0.49660669025300647,0.48216403465533675,0.493744685029704,0.5170886172251391,0.4687627993895242,0.4916733653105421,0.01606165925787676,339,0.6930029078514315,0.7025426194877711,0.7347858522174194,0.7433809043407459,0.7383568887499481,0.7224138345294632,0.02052673189435354
70,0.29883670806884766,0.015512033122370022,0.006355762481689453,0.0010590879936797062,True,5,4,10,100,"{'bootstrap': True, 'max_depth': 5, 'min_samples_leaf': 4, 'min_samples_split': 10, 'n_estimators': 100}",0.5697921431822859,0.5229418704212293,0.5111443592620367,0.5352905862790245,0.4669175198298135,0.5212172957948781,0.033497693000127136,299,0.7131316990317869,0.7463383819676894,0.7505024447976381,0.7567283944663264,0.7167483085854353,0.7366898457697753,0.0181001478421257
71,0.5898492813110352,0.04089932629069869,0.010728931427001953,0.0019488403701939925,True,5,4,10,200,"{'bootstrap': True, 'max_depth': 5, 'min_samples_leaf': 4, 'min_samples_split': 10, 'n_estimators': 200}",0.6120872719038307,0.5461823000944346,0.493744685029704,0.5285199877915141,0.5138562193361715,0.538878092831131,0.04045576432901328,253,0.7346446331354661,0.7579119639680978,0.7547499420843449,0.7609824036909436,0.7233519454576735,0.7463281776673052,0.014725956815696647
72,0.044112777709960936,0.0033515266255142555,0.0021734714508056642,0.00031936637761770763,True,10,1,2,10,"{'bootstrap': True, 'max_depth': 10, 'min_samples_leaf': 1, 'min_samples_split': 2, 'n_estimators': 10}",0.5575252005292465,0.5579325094627856,0.4604554601361903,0.3335316870154712,0.492349628475186,0.4803588971237759,0.08254751090497743,343,0.9389094669992755,0.9545115879663345,0.9585151138145503,0.9443373945230932,0.9516522122943221,0.9495851551195151,0.007068181327203794
73,0.2019517421722412,0.001991485647269084,0.004078388214111328,0.00018384060708859476,True,10,1,2,50,"{'bootstrap': True, 'max_depth': 10, 'min_samples_leaf': 1, 'min_samples_split': 2, 'n_estimators': 50}",0.6880220170568243,0.6288281455225324,0.5517010398791544,0.5924114847666656,0.5985625323993805,0.6119050439249114,0.04530502959287022,176,0.9871706404309772,0.9900327587875246,0.9914269777566959,0.9829840633050245,0.9885870600335538,0.9880403000627552,0.0029003538426744984
74,0.4522669792175293,0.05392717330318987,0.010712385177612305,0.005913268778642512,True,10,1,2,100,"{'bootstrap': True, 'max_depth': 10, 'min_samples_leaf': 1, 'min_samples_split': 2, 'n_estimators': 100}",0.6793793254186263,0.6557052811009695,0.5760416666666667,0.5982788631701521,0.5563447673050727,0.6131499807322973,0.04695165400686468,171,0.9872062961643026,0.9928686286186559,0.9900058357183138,0.9942901168365917,0.9886183566695658,0.990597846801486,0.0026290980241473246
75,0.95039963722229,0.06472850348566517,0.015188837051391601,0.0019074178599669221,True,10,1,2,200,"{'bootstrap': True, 'max_depth': 10, 'min_samples_leaf': 1, 'min_samples_split': 2, 'n_estimators': 200}",0.6555383078412006,0.6388849099457046,0.5692014774930506,0.6152398322902826,0.59336610396393,0.6144461263068336,0.03091244761078926,164,0.9928686286186559,0.9957139876774905,0.9942901168365917,0.9914495126948776,0.9942901168365917,0.9937224725328415,0.0014495494843098974
76,0.0452268123626709,0.0033870946931781657,0.0023406505584716796,0.0002485083227137486,True,10,1,5,10,"{'bootstrap': True, 'max_depth': 10, 'min_samples_leaf': 1, 'min_samples_split': 5, 'n_estimators': 10}",0.5288030592182655,0.5581204233033191,0.47349616029963415,0.4669175198298135,0.5144957554275266,0.5083665836157117,0.0342480135388392,330,0.9112247729309704,0.9383954306793469,0.9362444459615934,0.9329572427277205,0.9387473476901,0.9315138479979463,0.010351697546879235
77,0.2421797275543213,0.04575851499139913,0.005163669586181641,0.0004776225298040633,True,10,1,5,50,"{'bootstrap': True, 'max_depth': 10, 'min_samples_leaf': 1, 'min_samples_split': 5, 'n_estimators': 50}",0.6731064446466838,0.6100505602191924,0.5536262797349568,0.5978685348973589,0.560904640035022,0.5991112919066428,0.04272032126451699,203,0.9885638386767999,0.9914495126948776,0.9815283191765778,0.9857565666897329,0.9799997020495823,0.9854595878575141,0.004263073905304761
78,0.4192347049713135,0.022309113779915443,0.00776829719543457,0.0010716830275542292,True,10,1,5,100,"{'bootstrap': True, 'max_depth': 10, 'min_samples_leaf': 1, 'min_samples_split': 5, 'n_estimators': 100}",0.6615374276293189,0.6325600960638247,0.5807110661923586,0.6223092392509477,0.5624725290865096,0.6119180716445918,0.0358186791851556,175,0.9872062961643026,0.9872062961643026,0.9759929052981318,0.9829840633050245,0.9871430428179717,0.9841065207499466,0.004371003269824544
79,0.8918509960174561,0.05107507849146245,0.013206052780151366,0.002315741665787037,True,10,1,5,200,"{'bootstrap': True, 'max_depth': 10, 'min_samples_leaf': 1, 'min_samples_split': 5, 'n_estimators': 200}",0.6439878839984818,0.6333333333333333,0.5575252005292465,0.6037302435909746,0.5967190114847657,0.6070591345873604,0.030416036352978328,187,0.9914495126948776,0.9900327587875246,0.9914495126948776,0.9857565666897329,0.9857965671450027,0.988896983602403,0.002599830586853654
80,0.04755449295043945,0.008249324948693982,0.0024604320526123045,0.0005139396681079895,True,10,1,10,10,"{'bootstrap': True, 'max_depth': 10, 'min_samples_leaf': 1, 'min_samples_split': 10, 'n_estimators': 10}",0.5286345664129594,0.5290502621624715,0.48557397775629435,0.5582465178543432,0.48702209326032786,0.5177054834892794,0.027805137729191853,310,0.8897288123971476,0.9197916666666667,0.9042237379359989,0.9275697097639808,0.9041692080911032,0.9090966269709794,0.013257265236094015
81,0.23574309349060057,0.03708481463281133,0.006040430068969727,0.002372228994050426,True,10,1,10,50,"{'bootstrap': True, 'max_depth': 10, 'min_samples_leaf': 1, 'min_samples_split': 10, 'n_estimators': 50}",0.6672170820032036,0.6566507190089432,0.5809184929987056,0.621249430342479,0.6044914319225264,0.6261054312551716,0.03211164129158833,122,0.9756918712166032,0.9674951413336016,0.9573012141052998,0.9687409896133479,0.9643632770288156,0.9667184986595336,0.00599078251741166
82,0.4211599349975586,0.0240071995769993,0.0075604915618896484,0.0010666982051353731,True,10,1,10,100,"{'bootstrap': True, 'max_depth': 10, 'min_samples_leaf': 1, 'min_samples_split': 10, 'n_estimators': 100}",0.6556589908188962,0.6271143125802996,0.5579325094627856,0.5805807539345913,0.599599902472863,0.6041772938538872,0.03433016528317417,192,0.9799997020495823,0.9787210316686566,0.9771372493882585,0.9717426385046664,0.964636573900169,0.9744474391022665,0.005655003429190394
83,0.8766603946685791,0.0859608284239492,0.013140583038330078,0.002326430248470379,True,10,1,10,200,"{'bootstrap': True, 'max_depth': 10, 'min_samples_leaf': 1, 'min_samples_split': 10, 'n_estimators': 200}",0.6670757820592057,0.6685740207650905,0.597850936751175,0.5863954716083737,0.5837563105549674,0.6207305043477624,0.0387462176801164,136,0.9786674788186174,0.9828947767098999,0.9714908122128193,0.9730632296881873,0.974351963199256,0.976093652125756,0.004154105323288471
84,0.045696353912353514,0.003879179474103281,0.0024773120880126954,0.0002794481617397458,True,10,2,2,10,"{'bootstrap': True, 'max_depth': 10, 'min_samples_leaf': 2, 'min_samples_split': 2, 'n_estimators': 10}",0.5635244477962146,0.5520524474738834,0.5361878640532406,0.43150960001522554,0.46949795795524063,0.5105544634587609,0.051222456452291044,327,0.9456502701136968,0.9255052319239233,0.939827842648514,0.9385146283696718,0.9387473476901,0.9376490641491813,0.0066059739918806
85,0.23262319564819336,0.02140025012782855,0.0057599544525146484,0.001192157791278629,True,10,2,2,50,"{'bootstrap': True, 'max_depth': 10, 'min_samples_leaf': 2, 'min_samples_split': 2, 'n_estimators': 50}",0.6502125726122083,0.6730261757309371,0.6037302435909746,0.5700979538993481,0.6020148601435488,0.6198163611954034,0.036885744332303065,146,0.9801235276710681,0.9914495126948776,0.9800329867300669,0.982935416158566,0.98572460737223,0.9840532101253616,0.0042509510500246695
86,0.43258514404296877,0.03382995443734945,0.007633876800537109,0.0011466872905756666,True,10,2,2,100,"{'bootstrap': True, 'max_depth': 10, 'min_samples_leaf': 2, 'min_samples_split': 2, 'n_estimators': 100}",0.6267494209895906,0.6209258851871853,0.5863134625331698,0.6268904600705456,0.6081345056175178,0.6138027468796019,0.015345575383880549,169,0.9886183566695658,0.9857965671450027,0.9814833611140746,0.9843891595345381,0.9829840633050245,0.9846543015536412,0.0024467677867754853
87,0.8766017913818359,0.07474764145285588,0.014492464065551759,0.0024188851777721255,True,10,2,2,200,"{'bootstrap': True, 'max_depth': 10, 'min_samples_leaf': 2, 'min_samples_split': 2, 'n_estimators': 200}",0.6502125726122083,0.6444636687443775,0.5697244836420027,0.6094324365644169,0.6187521702392743,0.618517066360456,0.028778926986690177,154,0.9900058357183138,0.9886183566695658,0.98572460737223,0.9886183566695658,0.9857965671450027,0.9877527447149357,0.0017038168297963511
88,0.05143251419067383,0.010787701273284107,0.002359962463378906,0.00027498370823398434,True,10,2,5,10,"{'bootstrap': True, 'max_depth': 10, 'min_samples_leaf': 2, 'min_samples_split': 5, 'n_estimators': 10}",0.435561260742778,0.553125,0.5175491695067657,0.540065829210017,0.5427614911965432,0.5178125501312207,0.04273165379713137,309,0.9126184901384992,0.9368607685160901,0.9112528408931069,0.9298095228062231,0.9283633499741214,0.9237809944656081,0.01009928472675728
89,0.23500866889953614,0.048238823276589356,0.005020236968994141,0.0006654793876311102,True,10,2,5,50,"{'bootstrap': True, 'max_depth': 10, 'min_samples_leaf': 2, 'min_samples_split': 5, 'n_estimators': 50}",0.6733968134508932,0.6362674297724058,0.4762936074941706,0.6215215963942541,0.6037786221489814,0.602251613852141,0.06701909952521609,196,0.967224117386776,0.9829840633050245,0.9728989585387329,0.9704405787026521,0.9814464037178825,0.9749988243302136,0.006180104028976904
90,0.4097020149230957,0.02104599618100168,0.007747793197631836,0.001215357480739005,True,10,2,5,100,"{'bootstrap': True, 'max_depth': 10, 'min_samples_leaf': 2, 'min_samples_split': 5, 'n_estimators': 100}",0.6903332643718186,0.6209258851871853,0.5747759883151647,0.638592278367959,0.6113865073248417,0.6272027847133939,0.0378240693376196,117,0.9843891595345381,0.9857965671450027,0.9886183566695658,0.9815812684774652,0.9815283191765778,0.9843827342006298,0.002680871421999399
91,0.8170774936676025,0.037480934526817694,0.012682962417602538,0.0017790149678573303,True,10,2,5,200,"{'bootstrap': True, 'max_depth': 10, 'min_samples_leaf': 2, 'min_samples_split': 5, 'n_estimators': 200}",0.6787751731875111,0.6039044765346255,0.5865557254410011,0.6152398322902826,0.6126717164682163,0.6194293847843273,0.031326797752560386,148,0.9928686286186559,0.9900327587875246,0.9843448286391886,0.98572460737223,0.9871706404309772,0.9880282927697153,0.0030678062876491525
92,0.04269642829895019,0.0030974575346533538,0.002389812469482422,0.00031479305624131657,True,10,2,10,10,"{'bootstrap': True, 'max_depth': 10, 'min_samples_leaf': 2, 'min_samples_split': 10, 'n_estimators': 10}",0.5114335437874522,0.5116535339965105,0.5464395176948256,0.5638230124116617,0.5363116708904752,0.533932255756185,0.020288341649908077,266,0.896905526499198,0.9025825017214731,0.8910936813732832,0.9083131842720857,0.9113008381778113,0.9020391464087701,0.007370142179767069
93,0.2050642967224121,0.012869733240786796,0.00468597412109375,0.0006781398887236027,True,10,2,10,50,"{'bootstrap': True, 'max_depth': 10, 'min_samples_leaf': 2, 'min_samples_split': 10, 'n_estimators': 50}",0.621357799179458,0.6626040723019054,0.6097641467563155,0.5692014774930506,0.5363116708904752,0.599847833324241,0.04353251772259282,199,0.9687409896133479,0.9757604260638468,0.9686813851352425,0.9589194390333038,0.9442842832875937,0.9632773046266669,0.010905137438001757
94,0.45128021240234373,0.05228542190316136,0.007918262481689453,0.001156612524958376,True,10,2,10,100,"{'bootstrap': True, 'max_depth': 10, 'min_samples_leaf': 2, 'min_samples_split': 10, 'n_estimators': 100}",0.6853981181013674,0.6621659835686622,0.5875,0.6151709737296406,0.5939512170869513,0.6288372584973242,0.03852922765574569,111,0.9643632770288156,0.9660249765503731,0.9685858268107351,0.9659490906543843,0.9714123440656109,0.9672671030219838,0.0024752493172207966
95,0.8235944747924805,0.060591028593918156,0.013052082061767578,0.002122457467556849,True,10,2,10,200,"{'bootstrap': True, 'max_depth': 10, 'min_samples_leaf': 2, 'min_samples_split': 10, 'n_estimators': 200}",0.690150730495216,0.6329926325693158,0.5579325094627856,0.6209258851871853,0.5677622905146916,0.6139528096458389,0.0479355815056726,165,0.9757221670047878,0.9828947767098999,0.9643145559633911,0.974351963199256,0.974309406770401,0.9743185739295471,0.005926261924652078
96,0.04125609397888184,0.002930768130041796,0.0022161006927490234,0.00029685585271386144,True,10,4,2,10,"{'bootstrap': True, 'max_depth': 10, 'min_samples_leaf': 4, 'min_samples_split': 2, 'n_estimators': 10}",0.6225733966406728,0.5579325094627856,0.4771247678985865,0.5068112346436368,0.4903776387749055,0.5309639094841174,0.05338324411385051,275,0.9013622704108849,0.9083333333333333,0.8810814760973643,0.8975092622457963,0.9073744959775707,0.89913216761299,0.009859331336303883
97,0.21090202331542968,0.015504464937372814,0.005248928070068359,0.0004684699904876289,True,10,4,2,50,"{'bootstrap': True, 'max_depth': 10, 'min_samples_leaf': 4, 'min_samples_split': 2, 'n_estimators': 50}",0.6120872719038307,0.6271143125802996,0.5756374516940072,0.5922206548916665,0.5770739992606925,0.5968267380660992,0.020052898107000536,204,0.9573012141052998,0.9645565037447049,0.9542061697180485,0.9572392425994167,0.9414228157624798,0.9549451891859899,0.007570886801550808
98,0.4000892639160156,0.02778373307579897,0.007513856887817383,0.001325980566150851,True,10,4,2,100,"{'bootstrap': True, 'max_depth': 10, 'min_samples_leaf': 4, 'min_samples_split': 2, 'n_estimators': 100}",0.6728029675559704,0.5939512170869513,0.6041583810049808,0.5979139540863954,0.5791798137243107,0.6096012666917217,0.032652908372601944,181,0.965820849501286,0.9686296612263826,0.965820849501286,0.9616246023554915,0.9571850572806359,0.9638162039730165,0.0039995450297205925
99,0.8261167049407959,0.03727320201337413,0.01501603126525879,0.0018312235558146657,True,10,4,2,200,"{'bootstrap': True, 'max_depth': 10, 'min_samples_leaf': 4, 'min_samples_split': 2, 'n_estimators': 200}",0.6509740919016017,0.6223092392509477,0.5517010398791544,0.6093884109691801,0.6005604038910397,0.6069866371783847,0.03247534624184743,188,0.9715419207691989,0.9645565037447049,0.9600997782333732,0.9602303393103594,0.9630897149823718,0.9639036514080017,0.00418077840618354
100,0.05292167663574219,0.01310228507354318,0.0024820804595947266,0.00023610834446727841,True,10,4,5,10,"{'bootstrap': True, 'max_depth': 10, 'min_samples_leaf': 4, 'min_samples_split': 5, 'n_estimators': 10}",0.5747523525287439,0.5127754905273845,0.5138562193361715,0.4669175198298135,0.5555582513737215,0.524771966719167,0.037566049287429244,289,0.8583173623025759,0.9256131014844303,0.8825053792765504,0.9069140923556527,0.901953583900847,0.8950607038640112,0.022931083440993254
101,0.2045665740966797,0.011467275358327839,0.00482335090637207,0.0007146078131476955,True,10,4,5,50,"{'bootstrap': True, 'max_depth': 10, 'min_samples_leaf': 4, 'min_samples_split': 5, 'n_estimators': 50}",0.5871069062080269,0.5694255012307455,0.5985795240441306,0.6159559245969192,0.5373622334465277,0.58168601790527,0.026848170225102375,217,0.9442388650827666,0.9614115752220508,0.9557807559549346,0.9542768769115704,0.9600004568712363,0.9551417060085117,0.00604891683450772
102,0.42223057746887205,0.02324248127905592,0.010376405715942384,0.004373758226777787,True,10,4,5,100,"{'bootstrap': True, 'max_depth': 10, 'min_samples_leaf': 4, 'min_samples_split': 5, 'n_estimators': 100}",0.6681940919459806,0.6223092392509477,0.5286345664129594,0.6215215963942541,0.5757403907827664,0.6032799769573816,0.04741113360780244,193,0.9728989585387329,0.9685858268107351,0.9627546685029047,0.9630211018593239,0.9613779067148925,0.9657276924853179,0.004351577398974029
103,0.7893143177032471,0.06379599820237426,0.012183523178100586,0.001855097624953661,True,10,4,5,200,"{'bootstrap': True, 'max_depth': 10, 'min_samples_leaf': 4, 'min_samples_split': 5, 'n_estimators': 200}",0.6211283415865692,0.6691365053734076,0.5632385140971595,0.6325428084502813,0.6081345056175178,0.6188361350249871,0.03443508295127547,152,0.9699662854159189,0.9729457981026967,0.9629073592535092,0.9689670060551749,0.9657685102399459,0.9681109918134492,0.0034674266633634467
104,0.05013461112976074,0.01848872286300427,0.0027563095092773436,0.0009614780079738648,True,10,4,10,10,"{'bootstrap': True, 'max_depth': 10, 'min_samples_leaf': 4, 'min_samples_split': 10, 'n_estimators': 10}",0.5633585066523304,0.4883585403132122,0.4366551993940926,0.4596921643501358,0.5024140768003459,0.4900956975020234,0.04313342336140728,340,0.8812722612387243,0.8725435324386426,0.8437702087515717,0.8639933921834225,0.8796597715190231,0.8682478332262769,0.013679001870632224
105,0.19132680892944337,0.0043893272635219666,0.0040894031524658205,0.00020062519829872934,True,10,4,10,50,"{'bootstrap': True, 'max_depth': 10, 'min_samples_leaf': 4, 'min_samples_split': 10, 'n_estimators': 50}",0.6040796973096798,0.5747759883151647,0.5458834888381263,0.5871084878690689,0.5861897948459467,0.5796074914355973,0.019282802180291683,220,0.9600004568712363,0.9642406996152346,0.941537953154146,0.9403839085314235,0.9427878174523731,0.9497901671248827,0.010185063014445729
106,0.41301403045654295,0.019751858560657764,0.00841817855834961,0.0010063947482473162,True,10,4,10,100,"{'bootstrap': True, 'max_depth': 10, 'min_samples_leaf': 4, 'min_samples_split': 10, 'n_estimators': 100}",0.6449341710238103,0.5924627800537244,0.5632385140971595,0.6383834518385055,0.6066079810749126,0.6091253796176226,0.03009281734566236,182,0.9600997782333732,0.9629603138673296,0.9558391371981886,0.9588383029679916,0.9513751754363444,0.9578225415406456,0.003952637225483717
107,0.8132341384887696,0.05668108825886358,0.012978315353393555,0.002308491178791436,True,10,4,10,200,"{'bootstrap': True, 'max_depth': 10, 'min_samples_leaf': 4, 'min_samples_split': 10, 'n_estimators': 200}",0.6790301361412494,0.621875,0.5579325094627856,0.6041583810049808,0.5905973369339297,0.610718672708589,0.040062961163025386,178,0.9686813851352425,0.9628622468510692,0.9557807559549346,0.9630211018593239,0.9571850572806359,0.9615061094162412,0.0046275275537579225
108,0.0452730655670166,0.0008572295500711764,0.0020062923431396484,6.866421964353611e-05,True,15,1,2,10,"{'bootstrap': True, 'max_depth': 15, 'min_samples_leaf': 1, 'min_samples_split': 2, 'n_estimators': 10}",0.526627134255104,0.6053933596227771,0.558132128378268,0.4306754604629179,0.4649437578856546,0.5171543681209443,0.06286426496200602,314,0.9842802499176295,0.9871120654953428,0.9885870600335538,0.9871120654953428,0.9786674788186174,0.9851517839520973,0.0035296547664244666
109,0.2516605377197266,0.05002997988813953,0.0045773029327392575,0.0006564641869895328,True,15,1,2,50,"{'bootstrap': True, 'max_depth': 15, 'min_samples_leaf': 1, 'min_samples_split': 2, 'n_estimators': 50}",0.6266918607452808,0.6282776446944284,0.5930269392481337,0.5978685348973589,0.6660776075948633,0.622388517436013,0.02617353243179162,132,1.0,1.0,1.0,1.0,1.0,1.0,0.0
110,0.47208333015441895,0.027007058812656973,0.008796024322509765,0.0012025235782916295,True,15,1,2,100,"{'bootstrap': True, 'max_depth': 15, 'min_samples_leaf': 1, 'min_samples_split': 2, 'n_estimators': 100}",0.7075515977709518,0.6497685983882067,0.581202449429662,0.6383834518385055,0.5989583333333334,0.6351728861521319,0.04401436656180522,84,1.0,1.0,1.0,1.0,1.0,1.0,0.0
111,1.0221858024597168,0.07268400673282231,0.016975212097167968,0.0031847946921192334,True,15,1,2,200,"{'bootstrap': True, 'max_depth': 15, 'min_samples_leaf': 1, 'min_samples_split': 2, 'n_estimators': 200}",0.6846754616640486,0.7076718659920611,0.5865557254410011,0.6612781870875146,0.6223092392509477,0.6524980958871147,0.04339673043554072,35,1.0,1.0,1.0,1.0,1.0,1.0,0.0
112,0.04783129692077637,0.004138520008405025,0.0022942066192626954,0.000293718514208885,True,15,1,5,10,"{'bootstrap': True, 'max_depth': 15, 'min_samples_leaf': 1, 'min_samples_split': 5, 'n_estimators': 10}",0.424788823481098,0.6097641467563155,0.5536262797349568,0.4549448257654087,0.5643293199744592,0.5214906791424476,0.06991373334099506,297,0.9670533528306967,0.977081374879436,0.9727848112795856,0.9771112823572161,0.9742747967269347,0.9736611236147737,0.003698888124660429
113,0.22918620109558105,0.012890710678746324,0.004744052886962891,0.0008222500510463542,True,15,1,5,50,"{'bootstrap': True, 'max_depth': 15, 'min_samples_leaf': 1, 'min_samples_split': 5, 'n_estimators': 50}",0.6439878839984818,0.6271143125802996,0.5750546327852951,0.6333333333333333,0.5494788047750493,0.6057937934944919,0.03684576853215895,189,1.0,1.0,0.9957047054745953,0.9985689188010128,0.9985689188010128,0.9985685086153241,0.0015684198375534027
114,0.5066623687744141,0.038589417508960264,0.009146547317504883,0.0012553221366328356,True,15,1,5,100,"{'bootstrap': True, 'max_depth': 15, 'min_samples_leaf': 1, 'min_samples_split': 5, 'n_estimators': 100}",0.7016882047132211,0.6618138952944901,0.5635535401295892,0.6498137077451323,0.6228240100128914,0.6399386715790648,0.0458620682944972,75,1.0,1.0,1.0,1.0,1.0,1.0,0.0
115,0.8870098114013671,0.027138028241335245,0.012037086486816406,0.0006792455088831888,True,15,1,5,200,"{'bootstrap': True, 'max_depth': 15, 'min_samples_leaf': 1, 'min_samples_split': 5, 'n_estimators': 200}",0.6570510502689109,0.6729088637554601,0.5922206548916665,0.6382590096888986,0.6180338163348854,0.6356946789879643,0.02845861126238983,83,1.0,1.0,1.0,1.0,1.0,1.0,0.0
116,0.04303717613220215,0.0006446506488879595,0.00208740234375,0.0001696880753585511,True,15,1,10,10,"{'bootstrap': True, 'max_depth': 15, 'min_samples_leaf': 1, 'min_samples_split': 10, 'n_estimators': 10}",0.5344696471239018,0.4709387203531185,0.5756374516940072,0.5234535341589056,0.4824761945711237,0.5173951095802114,0.03767742422469479,312,0.9527247067084746,0.9555941566319418,0.9599422724104986,0.9556057189047503,0.9499161306328706,0.9547565970577072,0.0033428262418899518
117,0.2255983829498291,0.01527496976602614,0.0048095703125,0.000708355640270915,True,15,1,10,50,"{'bootstrap': True, 'max_depth': 15, 'min_samples_leaf': 1, 'min_samples_split': 10, 'n_estimators': 50}",0.6156966145656352,0.6151709737296406,0.5408524452393346,0.5748769891303521,0.5730724798189252,0.5839339004967775,0.02842757337134099,215,0.9914125529488957,0.9885487036625412,0.9928504964710977,0.9842600228519194,0.9942734225312736,0.9902690396931455,0.0035517450086722468
118,0.45276522636413574,0.03079487168692568,0.007662343978881836,0.001393287507893974,True,15,1,10,100,"{'bootstrap': True, 'max_depth': 15, 'min_samples_leaf': 1, 'min_samples_split': 10, 'n_estimators': 100}",0.6677750201707927,0.645699015388991,0.5985795240441306,0.6095479826756331,0.6005604038910397,0.6244323892341175,0.027534127645066197,126,0.9971402515216047,0.9957139876774905,0.9928504964710977,0.9971402515216047,0.9957035870275044,0.9957097148438605,0.0015664007075539559
119,0.9158801078796387,0.06516100933453747,0.013839197158813477,0.00207753445381887,True,15,1,10,200,"{'bootstrap': True, 'max_depth': 15, 'min_samples_leaf': 1, 'min_samples_split': 10, 'n_estimators': 200}",0.6613612857502962,0.6382590096888986,0.5690529772319189,0.6382196374479532,0.5945284284940306,0.6202842677226196,0.03352640340297858,143,0.9985689188010128,0.9985689188010128,0.9928504964710977,0.9971354166666667,0.9971402515216047,0.9968528004522789,0.0021010026926871384
120,0.04200048446655273,0.0006168474365693499,0.0021004676818847656,0.00016201316984803952,True,15,2,2,10,"{'bootstrap': True, 'max_depth': 15, 'min_samples_leaf': 2, 'min_samples_split': 2, 'n_estimators': 10}",0.5760416666666667,0.5247353077336568,0.410209744537819,0.46092708994338977,0.5119605423909456,0.49677487025449557,0.05669955918574279,338,0.965820849501286,0.9555941566319418,0.9713506923288235,0.9627955869577364,0.9628249860816396,0.9636772543002856,0.005105229042834042
121,0.26163015365600584,0.07719676941358877,0.005232667922973633,0.0006949430469360338,True,15,2,2,50,"{'bootstrap': True, 'max_depth': 15, 'min_samples_leaf': 2, 'min_samples_split': 2, 'n_estimators': 50}",0.6108868653044144,0.6500702441556184,0.5753082959978251,0.6093884109691801,0.5819552173492389,0.6055218067552554,0.0264444252148472,190,0.9971354166666667,0.9971402515216047,0.9971402515216047,0.9971402515216047,0.9985685463414732,0.9974249435145909,0.0005718044795091167
122,0.487455940246582,0.06430435090438534,0.008398914337158203,0.001404542467139291,True,15,2,2,100,"{'bootstrap': True, 'max_depth': 15, 'min_samples_leaf': 2, 'min_samples_split': 2, 'n_estimators': 100}",0.6621642835894567,0.6577071551263463,0.6094324365644169,0.6440008336231955,0.5959123250290997,0.6338434067865031,0.02649296622927903,90,1.0,0.9985689188010128,0.9985689188010128,0.9985689188010128,1.0,0.9991413512806077,0.0007010837436017805
123,0.9987016677856445,0.04398946022840147,0.014784669876098633,0.002395133549646784,True,15,2,2,200,"{'bootstrap': True, 'max_depth': 15, 'min_samples_leaf': 2, 'min_samples_split': 2, 'n_estimators': 200}",0.661275190853298,0.6503494026200973,0.5576918887937425,0.6440008336231955,0.5891310536439784,0.6204896739068623,0.04008680905866225,140,1.0,1.0,1.0,1.0,1.0,1.0,0.0
124,0.050050544738769534,0.008622235983647166,0.0022761344909667967,0.0002938444289681033,True,15,2,5,10,"{'bootstrap': True, 'max_depth': 15, 'min_samples_leaf': 2, 'min_samples_split': 5, 'n_estimators': 10}",0.5464395176948256,0.5523377288254981,0.5227903496883294,0.46145833333333336,0.49313302158331423,0.5152317902250602,0.03402306569365616,318,0.9657685102399459,0.9813965316455265,0.9656379093717055,0.9600462082670725,0.9642085932424987,0.9674115505533498,0.007292904540584555
125,0.24432315826416015,0.02548651856169983,0.004997396469116211,0.0007773455250005204,True,15,2,5,50,"{'bootstrap': True, 'max_depth': 15, 'min_samples_leaf': 2, 'min_samples_split': 5, 'n_estimators': 50}",0.6445664096751254,0.6497474141506256,0.6337563991702796,0.6151640840426085,0.5427614911965432,0.6171991596470364,0.039057919665598406,157,0.9942901168365917,0.9985689188010128,0.9942708333333333,0.9971402515216047,0.9985689188010128,0.996567807858711,0.0019391003128494465
126,0.49836483001708987,0.07236515865651527,0.009645318984985352,0.00220018339745328,True,15,2,5,100,"{'bootstrap': True, 'max_depth': 15, 'min_samples_leaf': 2, 'min_samples_split': 5, 'n_estimators': 100}",0.6785433314325467,0.6383834518385055,0.6100505602191924,0.5690529772319189,0.5825090745511257,0.6157078790546578,0.039429231333032055,159,0.9985689188010128,1.0,0.9985689188010128,1.0,1.0,0.9994275675204051,0.0007010837436017805
127,0.8594098091125488,0.033724243652468414,0.012126350402832031,0.0006767234007853442,True,15,2,5,200,"{'bootstrap': True, 'max_depth': 15, 'min_samples_leaf': 2, 'min_samples_split': 5, 'n_estimators': 200}",0.6843554189103456,0.6791666666666667,0.5865557254410011,0.6268904600705456,0.5959123250290997,0.6345761192235317,0.040807382066833625,85,1.0,1.0,0.9985689188010128,0.9985689188010128,1.0,0.9994275675204051,0.0007010837436017805
128,0.056438446044921875,0.013684176408877874,0.0023972034454345704,0.0002891945071468627,True,15,2,10,10,"{'bootstrap': True, 'max_depth': 15, 'min_samples_leaf': 2, 'min_samples_split': 10, 'n_estimators': 10}",0.5635535401295892,0.5078376400576295,0.5694255012307455,0.48494332021896597,0.5168105525555015,0.5285141108384863,0.03275486829318345,279,0.9299769456620242,0.9555941566319418,0.9369665970251483,0.9455783683397482,0.9355394414341606,0.9407311018186046,0.008957489599645024
129,0.23544692993164062,0.024174390551093772,0.005703163146972656,0.0020057925164381047,True,15,2,10,50,"{'bootstrap': True, 'max_depth': 15, 'min_samples_leaf': 2, 'min_samples_split': 10, 'n_estimators': 50}",0.6555383078412006,0.6271143125802996,0.5863134625331698,0.5632385140971595,0.5669809443926205,0.59983710828889,0.03591251342592807,200,0.9856848543761868,0.9871430428179717,0.9799744214371121,0.9857565666897329,0.989987005264705,0.9857091781171418,0.0032633125680831074
130,0.4712827205657959,0.062244089199974664,0.008596515655517578,0.0018717454890786736,True,15,2,10,100,"{'bootstrap': True, 'max_depth': 15, 'min_samples_leaf': 2, 'min_samples_split': 10, 'n_estimators': 100}",0.6557052811009695,0.6559347049194393,0.5867935795839886,0.6209258851871853,0.6020148601435488,0.6242748621870262,0.027934876976414075,128,0.9928404921481778,0.9914125529488957,0.9828210050898323,0.99140625,0.9842478521689253,0.9885456304711662,0.0041494688695915
131,0.8928773880004883,0.0764618310700936,0.013530492782592773,0.002335071646488025,True,15,2,10,200,"{'bootstrap': True, 'max_depth': 15, 'min_samples_leaf': 2, 'min_samples_split': 10, 'n_estimators': 200}",0.6404074129030805,0.639719787230254,0.5290502621624715,0.6324694015204602,0.6005604038910397,0.6084414535414611,0.04229082929549956,183,0.9899736683995669,0.9914125529488957,0.9871120654953428,0.9914125529488957,0.9885487036625412,0.9896919086910485,0.0016711152269728775
132,0.04335918426513672,0.0032397372676634187,0.00225677490234375,0.00030570734935534154,True,15,4,2,10,"{'bootstrap': True, 'max_depth': 15, 'min_samples_leaf': 4, 'min_samples_split': 2, 'n_estimators': 10}",0.5350912436715107,0.5753082959978251,0.4647386459027291,0.6187521702392743,0.4519788506792427,0.5291738412981164,0.06371599729968629,277,0.9199617501535257,0.9326646021373638,0.924154132134029,0.941269360062098,0.9297958613340489,0.9295691411642132,0.007323287345985367
133,0.22200608253479004,0.019669634257546087,0.005757617950439453,0.002060959269581062,True,15,4,2,50,"{'bootstrap': True, 'max_depth': 15, 'min_samples_leaf': 4, 'min_samples_split': 2, 'n_estimators': 50}",0.6621642835894567,0.6094324365644169,0.5807110661923586,0.6094266260816663,0.6215215963942541,0.6166512017644306,0.026424079059863433,158,0.9828125,0.9799997020495823,0.9742213206716923,0.9785162697284744,0.9856773987053548,0.9802454382310207,0.00388423488141892
134,0.5063004493713379,0.10842528784023446,0.008671188354492187,0.0010261670762275073,True,15,4,2,100,"{'bootstrap': True, 'max_depth': 15, 'min_samples_leaf': 4, 'min_samples_split': 2, 'n_estimators': 100}",0.6505473663335013,0.5979139540863954,0.5458472574556701,0.5921085306372637,0.5875,0.594783421702566,0.03338972656047377,210,0.9942764022352503,0.9885870600335538,0.9785546641169452,0.9871235140583121,0.9799467161547423,0.9856976713197609,0.005797797098629387
135,0.8110255718231201,0.06666928504433577,0.012523889541625977,0.0019086990403961873,True,15,4,2,200,"{'bootstrap': True, 'max_depth': 15, 'min_samples_leaf': 4, 'min_samples_split': 2, 'n_estimators': 200}",0.6670757820592057,0.6503494026200973,0.5748769891303521,0.6151709737296406,0.5616525572138379,0.6138251409506267,0.04101317046713436,168,0.99140625,0.989987005264705,0.9842478521689253,0.9914125529488957,0.9871120654953428,0.988833145175574,0.0027782236492540596
136,0.04577593803405762,0.0012496979991263512,0.00258488655090332,3.8360475071100553e-05,True,15,4,5,10,"{'bootstrap': True, 'max_depth': 15, 'min_samples_leaf': 4, 'min_samples_split': 5, 'n_estimators': 10}",0.5288030592182655,0.53570447587617,0.5242399832017772,0.5343379276934932,0.3651483716701107,0.49764676353196335,0.06637524980846254,337,0.9285207670930737,0.9356127706118134,0.9327499777114713,0.9212632163112782,0.9328940330912519,0.9302081529637777,0.005014855527779191
137,0.23578295707702637,0.03190449463068143,0.005329418182373047,0.000622633894843717,True,15,4,5,50,"{'bootstrap': True, 'max_depth': 15, 'min_samples_leaf': 4, 'min_samples_split': 5, 'n_estimators': 50}",0.6502125726122083,0.5930269392481337,0.5467685520666838,0.6382590096888986,0.5548430029027945,0.5966220153037438,0.04206985947167976,205,0.9842802499176295,0.9813965316455265,0.9770933065171233,0.9728989585387329,0.9785194255160903,0.9788376944270205,0.0038621710580932504
138,0.4540266513824463,0.04845869338111739,0.008638334274291993,0.0010532779169620669,True,15,4,5,100,"{'bootstrap': True, 'max_depth': 15, 'min_samples_leaf': 4, 'min_samples_split': 5, 'n_estimators': 100}",0.6687084076123916,0.638592278367959,0.5756374516940072,0.638592278367959,0.5898263304304183,0.622271349294547,0.03439926014136028,133,0.9885416666666667,0.9928404921481778,0.9814174570172874,0.9885638386767999,0.9885487036625412,0.9879824316342946,0.0036788880292550636
139,0.8202637672424317,0.0456373013403909,0.013476991653442382,0.0023476739095343244,True,15,4,5,200,"{'bootstrap': True, 'max_depth': 15, 'min_samples_leaf': 4, 'min_samples_split': 5, 'n_estimators': 200}",0.6853981181013674,0.6469397955249131,0.5635535401295892,0.5979676237646971,0.6059616675035313,0.6199641490048197,0.04212211585714205,145,0.989987005264705,0.9899762788217603,0.9842437497716294,0.9928504964710977,0.9899762788217603,0.9894067618301905,0.0028107430848265656
140,0.06384844779968261,0.026111726810378114,0.0030397891998291014,0.0013755540397746558,True,15,4,10,10,"{'bootstrap': True, 'max_depth': 15, 'min_samples_leaf': 4, 'min_samples_split': 10, 'n_estimators': 10}",0.5749405781881233,0.5407676772868643,0.47121064682815744,0.4307196567998502,0.5168105525555015,0.5068898223316993,0.050895840692396686,332,0.9097548076084417,0.9125964544314648,0.9155799778121048,0.9082975007707975,0.9097494408697014,0.9111956362985021,0.0025981300975457386
141,0.21435046195983887,0.01791831123159649,0.004665946960449219,0.0007201995793690952,True,15,4,10,50,"{'bootstrap': True, 'max_depth': 15, 'min_samples_leaf': 4, 'min_samples_split': 10, 'n_estimators': 50}",0.6615374276293189,0.6788767772695627,0.5747759883151647,0.6094324365644169,0.5756374516940072,0.6200520162944941,0.0431665138487529,144,0.97565054050403,0.9785330404391338,0.9713506923288235,0.9627740600853509,0.9699267855368378,0.9716470237788352,0.005389283593543966
142,0.45589780807495117,0.07514082428662411,0.0086456298828125,0.0014423449592251645,True,15,4,10,100,"{'bootstrap': True, 'max_depth': 15, 'min_samples_leaf': 4, 'min_samples_split': 10, 'n_estimators': 100}",0.656170714922959,0.5994149194122841,0.5922206548916665,0.5921233255251296,0.5994149194122841,0.6078689068328645,0.024367172962494757,185,0.9757221670047878,0.9785842853613351,0.9671034925155768,0.9799571558034779,0.9799535670088887,0.9762641335388131,0.0048341391981940075
143,0.8825023174285889,0.05303319081969081,0.016556549072265624,0.005873355839494527,True,15,4,10,200,"{'bootstrap': True, 'max_depth': 15, 'min_samples_leaf': 4, 'min_samples_split': 10, 'n_estimators': 200}",0.6626175309437442,0.6271143125802996,0.5461823000944346,0.6266918607452808,0.6066079810749126,0.6138427970877344,0.03834186129855822,167,0.9885638386767999,0.98572460737223,0.9799571558034779,0.9871235140583121,0.9785194255160903,0.983977708285382,0.003998450584839327
144,0.048382806777954104,0.0027262418663354143,0.0023736000061035157,0.00034445412638592945,True,20,1,2,10,"{'bootstrap': True, 'max_depth': 20, 'min_samples_leaf': 1, 'min_samples_split': 2, 'n_estimators': 10}",0.5010740111648763,0.5229611573463399,0.48548919438979216,0.40904086421858066,0.48667163974130734,0.4810473733721793,0.03845550939707645,341,0.9744024564031553,0.9914495126948776,0.9871120654953428,0.9871430428179717,0.9842802499176295,0.9848774654657954,0.005716652238599063
145,0.2354299545288086,0.014281871129881116,0.004891061782836914,0.0008974290879647304,True,20,1,2,50,"{'bootstrap': True, 'max_depth': 20, 'min_samples_leaf': 1, 'min_samples_split': 2, 'n_estimators': 50}",0.6958484106783056,0.6152613595598594,0.5765205995736205,0.6041583810049808,0.5809553752636246,0.6145488252160781,0.04311092079194481,163,1.0,1.0,1.0,1.0,1.0,1.0,0.0
146,0.4952996730804443,0.01960583991397501,0.009419107437133789,0.0007427410122939557,True,20,1,2,100,"{'bootstrap': True, 'max_depth': 20, 'min_samples_leaf': 1, 'min_samples_split': 2, 'n_estimators': 100}",0.667405741094501,0.6728624271423855,0.5922206548916665,0.6271143125802996,0.645699015388991,0.6410604302195687,0.029348855981240415,70,1.0,1.0,1.0,1.0,1.0,1.0,0.0
147,0.9605316638946533,0.04419555492100297,0.014106273651123047,0.0024725247363942132,True,20,1,2,200,"{'bootstrap': True, 'max_depth': 20, 'min_samples_leaf': 1, 'min_samples_split': 2, 'n_estimators': 200}",0.6151709737296406,0.6914490261411901,0.6152398322902826,0.6558694183193773,0.5791798137243107,0.6313818128409603,0.03861636049212338,103,1.0,1.0,1.0,1.0,1.0,1.0,0.0
148,0.04534215927124023,0.002177017220932903,0.002067756652832031,8.441558524827088e-05,True,20,1,5,10,"{'bootstrap': True, 'max_depth': 20, 'min_samples_leaf': 1, 'min_samples_split': 5, 'n_estimators': 10}",0.4903776387749055,0.570545533011992,0.5008566889160463,0.48386916229351323,0.445896321370523,0.49830906887339593,0.040603230672869556,336,0.9785546641169452,0.9856848543761868,0.9742213206716923,0.9699190820551412,0.9728060580263482,0.9762371958492627,0.005484230706670246
149,0.23254551887512206,0.01580095476450444,0.005224800109863282,0.0008935400424088378,True,20,1,5,50,"{'bootstrap': True, 'max_depth': 20, 'min_samples_leaf': 1, 'min_samples_split': 5, 'n_estimators': 50}",0.6273135318215906,0.6670633740309424,0.5807110661923586,0.5405513548181774,0.5641664155189454,0.5959611484764029,0.04550211798803544,208,1.0,1.0,1.0,1.0,1.0,1.0,0.0
150,0.4658409595489502,0.04294166660043878,0.007280731201171875,0.0011943502663395807,True,20,1,5,100,"{'bootstrap': True, 'max_depth': 20, 'min_samples_leaf': 1, 'min_samples_split': 5, 'n_estimators': 100}",0.6555622813752365,0.6156363467926402,0.6104166666666667,0.6324694015204602,0.6113865073248417,0.625094240735969,0.017178354930940276,124,0.9985689188010128,1.0,1.0,1.0,1.0,0.9997137837602026,0.0005724324795948644
151,0.9220407962799072,0.06287515199565821,0.013925457000732422,0.0023447018667332176,True,20,1,5,200,"{'bootstrap': True, 'max_depth': 20, 'min_samples_leaf': 1, 'min_samples_split': 5, 'n_estimators': 200}",0.7309515297335081,0.6497474141506256,0.5690529772319189,0.6439878839984818,0.6195499997502698,0.6426579609729608,0.05253466442164455,61,1.0,1.0,1.0,1.0,1.0,1.0,0.0
152,0.05648674964904785,0.023577278798294205,0.0021586894989013674,0.0002275603810658874,True,20,1,10,10,"{'bootstrap': True, 'max_depth': 20, 'min_samples_leaf': 1, 'min_samples_split': 10, 'n_estimators': 10}",0.5286345664129594,0.5825090745511257,0.4883585403132122,0.5111443592620367,0.46598857531910554,0.515327023171688,0.03967264779728903,317,0.9584886019943843,0.9457404533348892,0.9441711459624204,0.9484798915582566,0.9341355672218061,0.9462031320143514,0.007824136572798351
153,0.23388996124267578,0.022242984706171087,0.005088281631469726,0.0008216956282135724,True,20,1,10,50,"{'bootstrap': True, 'max_depth': 20, 'min_samples_leaf': 1, 'min_samples_split': 10, 'n_estimators': 50}",0.6442890594084413,0.5920758177193127,0.5807110661923586,0.5631942613444365,0.5844924024240125,0.5929525214177123,0.027361248598187067,211,0.9957047054745953,0.9942764022352503,0.9928404921481778,0.9942764022352503,0.9928504964710977,0.9939896997128743,0.0010699629421844262
154,0.48536076545715334,0.05104251482596278,0.008763647079467774,0.0010533713229845176,True,20,1,10,100,"{'bootstrap': True, 'max_depth': 20, 'min_samples_leaf': 1, 'min_samples_split': 10, 'n_estimators': 100}",0.6729088637554601,0.6151709737296406,0.5631942613444365,0.5747759883151647,0.5757403907827664,0.6003580955854936,0.04031044901413819,198,0.9985689188010128,0.9971402515216047,0.9957047054745953,0.9971402515216047,0.9971354166666667,0.997137908797097,0.0009057459447734065
155,0.8700395107269288,0.056021022845294914,0.012663698196411133,0.0019267566763371035,True,20,1,10,200,"{'bootstrap': True, 'max_depth': 20, 'min_samples_leaf': 1, 'min_samples_split': 10, 'n_estimators': 200}",0.6786132562772109,0.6613694353744256,0.5867935795839886,0.6267494209895906,0.5885115019487422,0.6284074388347916,0.037237791035120926,113,0.9957139876774905,0.9942901168365917,0.9957047054745953,0.9971354166666667,0.9957047054745953,0.9957097864259878,0.0008997724833359262
156,0.045108699798583986,0.002386108165117337,0.002285480499267578,0.00031833171555204496,True,20,2,2,10,"{'bootstrap': True, 'max_depth': 20, 'min_samples_leaf': 2, 'min_samples_split': 2, 'n_estimators': 10}",0.5805543085077647,0.6044914319225264,0.5416666666666666,0.5476404203728243,0.4193344887896443,0.5387374632518853,0.06390171536299606,255,0.9656229511658978,0.9813965316455265,0.9785162697284744,0.9685498914042872,0.9727839125157544,0.9733739112919881,0.005907671909228611
157,0.2234447956085205,0.016535617096485516,0.005272626876831055,0.000962805839792014,True,20,2,2,50,"{'bootstrap': True, 'max_depth': 20, 'min_samples_leaf': 2, 'min_samples_split': 2, 'n_estimators': 50}",0.5880064914496507,0.6559347049194393,0.5582465178543432,0.6383834518385055,0.65625,0.6193642332123878,0.03944204094257776,149,0.9985689188010128,0.9971402515216047,0.9985689188010128,0.9971402515216047,0.9985685463414732,0.9979973773973416,0.0006998403601789382
158,0.4546785831451416,0.024925461659180678,0.008405685424804688,0.001412275797040698,True,20,2,2,100,"{'bootstrap': True, 'max_depth': 20, 'min_samples_leaf': 2, 'min_samples_split': 2, 'n_estimators': 100}",0.6333042105627252,0.6228240100128914,0.5865557254410011,0.6337563991702796,0.5891310536439784,0.6131142797661753,0.02101695127081197,172,1.0,1.0,1.0,1.0,1.0,1.0,0.0
159,0.8848536014556885,0.03715596572324518,0.012881994247436523,0.0019768632932054384,True,20,2,2,200,"{'bootstrap': True, 'max_depth': 20, 'min_samples_leaf': 2, 'min_samples_split': 2, 'n_estimators': 200}",0.6670757820592057,0.6333333333333333,0.5926804152173214,0.6266918607452808,0.6282776446944284,0.6296118072099139,0.023628935480381832,109,1.0,1.0,1.0,1.0,1.0,1.0,0.0
160,0.049967193603515626,0.0038194079745984583,0.0025320053100585938,0.0002433332769691929,True,20,2,5,10,"{'bootstrap': True, 'max_depth': 20, 'min_samples_leaf': 2, 'min_samples_split': 5, 'n_estimators': 10}",0.557416274473035,0.536740504407823,0.5242399832017772,0.5063965944808443,0.4711485760244933,0.5191883865175946,0.02921102608519728,307,0.9528252201524087,0.9828196901774868,0.965625,0.9699267855368378,0.9756552121896728,0.9693703816112812,0.010084273228654182
161,0.25817122459411623,0.047838911233661546,0.005402755737304687,0.0006746836403872111,True,20,2,5,50,"{'bootstrap': True, 'max_depth': 20, 'min_samples_leaf': 2, 'min_samples_split': 5, 'n_estimators': 50}",0.7134494467404335,0.6094324365644169,0.551636170160129,0.6333333333333333,0.5563447673050727,0.612839230820677,0.05914637617717328,174,1.0,0.9957139876774905,0.9957035870275044,0.9971402515216047,1.0,0.99771156524532,0.0019402350005335717
162,0.4702133655548096,0.015421877092082741,0.010827350616455077,0.0024735094534393204,True,20,2,5,100,"{'bootstrap': True, 'max_depth': 20, 'min_samples_leaf': 2, 'min_samples_split': 5, 'n_estimators': 100}",0.6677750201707927,0.6408854868548307,0.6267494209895906,0.6268904600705456,0.5994149194122841,0.6323430614996087,0.022242656963809906,100,1.0,0.9985689188010128,0.9985685463414732,0.9971402515216047,1.0,0.998855543332818,0.0010701690538418341
163,0.938788890838623,0.08883679696211766,0.014885044097900391,0.004199063110659751,True,20,2,5,200,"{'bootstrap': True, 'max_depth': 20, 'min_samples_leaf': 2, 'min_samples_split': 5, 'n_estimators': 200}",0.6441008996345887,0.6685740207650905,0.5750546327852951,0.6267185517348044,0.6234191043851623,0.6275734418609883,0.030758475237403007,116,0.9985689188010128,1.0,0.9971354166666667,1.0,1.0,0.9991408670935359,0.001145712382481588
164,0.04719500541687012,0.0027428629210916908,0.0025088310241699217,0.0002221846979485681,True,20,2,10,10,"{'bootstrap': True, 'max_depth': 20, 'min_samples_leaf': 2, 'min_samples_split': 10, 'n_estimators': 10}",0.5638230124116617,0.5252983618719972,0.4824761945711237,0.4945469841953538,0.48557397775629435,0.5103437061612861,0.030735490875537428,328,0.9585151138145503,0.9456167524783607,0.9169954826861886,0.9341145833333333,0.9341145833333333,0.9378713031291532,0.013785388435957594
165,0.222609806060791,0.01570938736947922,0.004738044738769531,0.0008091212748623986,True,20,2,10,50,"{'bootstrap': True, 'max_depth': 20, 'min_samples_leaf': 2, 'min_samples_split': 10, 'n_estimators': 50}",0.6853981181013674,0.6271143125802996,0.5590929766924082,0.6388849099457046,0.5757403907827664,0.6172461416205093,0.045419878764105664,156,0.9914269777566959,0.9885487036625412,0.98572460737223,0.9885638386767999,0.9842437497716294,0.9877015754479792,0.002498187648277444
166,0.5231030941009521,0.09267677154608261,0.008789777755737305,0.0010934652612011554,True,20,2,10,100,"{'bootstrap': True, 'max_depth': 20, 'min_samples_leaf': 2, 'min_samples_split': 10, 'n_estimators': 100}",0.6565641314848955,0.6671905646871329,0.5635535401295892,0.6037302435909746,0.6053933596227771,0.6192863679030738,0.03801473530489674,150,0.9928686286186559,0.9914269777566959,0.9842600228519194,0.989987005264705,0.9928386277135356,0.9902762524411022,0.0031902674631913456
167,0.9051876068115234,0.10413384489369445,0.014118003845214843,0.002750158342593771,True,20,2,10,200,"{'bootstrap': True, 'max_depth': 20, 'min_samples_leaf': 2, 'min_samples_split': 10, 'n_estimators': 200}",0.6748376220929867,0.65625,0.5750546327852951,0.6441008996345887,0.6126717164682163,0.6325829741962172,0.0351687765936868,98,0.9928686286186559,0.9914269777566959,0.9914125529488957,0.9942764022352503,0.9957047054745953,0.9931378534068186,0.0016650082353805817
168,0.04771499633789063,0.007870076910668098,0.0029596328735351563,0.0013832392540706411,True,20,4,2,10,"{'bootstrap': True, 'max_depth': 20, 'min_samples_leaf': 4, 'min_samples_split': 2, 'n_estimators': 10}",0.49960938435374963,0.6100505602191924,0.5809184929987056,0.5060480768510598,0.5063965944808443,0.5406046217807103,0.045810260857364164,250,0.9197649804683268,0.9240674144640305,0.9412619537944463,0.924376532301295,0.9197649804683268,0.9258471722992851,0.007961556674879048
169,0.24478955268859864,0.05455261113833431,0.007131624221801758,0.004539321611299992,True,20,4,2,50,"{'bootstrap': True, 'max_depth': 20, 'min_samples_leaf': 4, 'min_samples_split': 2, 'n_estimators': 50}",0.6216742501016401,0.5922206548916665,0.5807110661923586,0.5979676237646971,0.5650734396542887,0.5915294069209303,0.018802099512592117,212,0.9842437497716294,0.9828210050898323,0.9813787904576606,0.9785330404391338,0.9785194255160903,0.9810992022548692,0.0022878543719945608
170,0.4261695384979248,0.03091039320221922,0.008081388473510743,0.0012612036843725409,True,20,4,2,100,"{'bootstrap': True, 'max_depth': 20, 'min_samples_leaf': 4, 'min_samples_split': 2, 'n_estimators': 100}",0.6342599279769311,0.646277804879285,0.5286260914431442,0.6267494209895906,0.6134323833531677,0.6098691257284237,0.04199660687417431,180,0.99140625,0.9900327587875246,0.9856773987053548,0.98572460737223,0.9828120574300485,0.9871306144590315,0.003144586705754726
171,0.8829729080200195,0.08538491579849179,0.016599416732788086,0.010204960512986189,True,20,4,2,200,"{'bootstrap': True, 'max_depth': 20, 'min_samples_leaf': 4, 'min_samples_split': 2, 'n_estimators': 200}",0.6631659022140199,0.6452035590896114,0.5575252005292465,0.6325428084502813,0.6173949065130319,0.6231664753592382,0.036098727951377196,130,0.9928404921481778,0.9885487036625412,0.9871235140583121,0.9899762788217603,0.9871430428179717,0.9891264063017526,0.0021352173360977443
172,0.04384965896606445,0.003034554913014617,0.0022766590118408203,0.0003468402504685858,True,20,4,5,10,"{'bootstrap': True, 'max_depth': 20, 'min_samples_leaf': 4, 'min_samples_split': 5, 'n_estimators': 10}",0.5936002265779383,0.5458855056986571,0.5169618966072066,0.5738880232192617,0.43632629769910314,0.5333323899604334,0.05497768133116901,267,0.9326623844491483,0.922671931612529,0.9312359144745358,0.9201990799021852,0.9140444620480297,0.9241627544972856,0.006965434841280229
173,0.2737301826477051,0.059914931629633794,0.005272006988525391,0.0006291374467025489,True,20,4,5,50,"{'bootstrap': True, 'max_depth': 20, 'min_samples_leaf': 4, 'min_samples_split': 5, 'n_estimators': 50}",0.6509740919016017,0.6324694015204602,0.5690677296768112,0.6036233957244767,0.6210590034081188,0.6154387244462938,0.027836181441113675,161,0.9799997020495823,0.9828621547109061,0.9785330404391338,0.9885638386767999,0.9785546641169452,0.9817026799986734,0.0037756226728538097
174,0.47835912704467776,0.045435825963246336,0.008737659454345703,0.00124348565761557,True,20,4,5,100,"{'bootstrap': True, 'max_depth': 20, 'min_samples_leaf': 4, 'min_samples_split': 5, 'n_estimators': 100}",0.6220789782384688,0.6097641467563155,0.5982788631701521,0.6329926325693158,0.6126717164682163,0.6151572674404937,0.011714559955134415,162,0.9900058357183138,0.98572460737223,0.9813836388425078,0.9842802499176295,0.9871087090855981,0.9857006081872559,0.002869562689071679
175,0.845640230178833,0.06014428462728665,0.014236545562744141,0.002363569673699868,True,20,4,5,200,"{'bootstrap': True, 'max_depth': 20, 'min_samples_leaf': 4, 'min_samples_split': 5, 'n_estimators': 200}",0.7134494467404335,0.6327347139286424,0.5863134625331698,0.6383834518385055,0.5934506456511595,0.6328663441383822,0.045265572573080705,96,0.9871120654953428,0.9842802499176295,0.9799571558034779,0.9899762788217603,0.9899736683995669,0.9862598836875556,0.003794030367775029
176,0.051750564575195314,0.018728102778720956,0.0024398326873779296,0.0003226963047629923,True,20,4,10,10,"{'bootstrap': True, 'max_depth': 20, 'min_samples_leaf': 4, 'min_samples_split': 10, 'n_estimators': 10}",0.564140739959381,0.5408524452393346,0.47952979172869453,0.46505245966250985,0.5175491695067657,0.5134249212193371,0.03695983660280722,319,0.9185534082272608,0.8896645377226577,0.9197629720872524,0.92265625,0.9254972268055232,0.9152268789685388,0.013005774304341978
177,0.23420233726501466,0.035648961217965604,0.004961729049682617,0.0007843697030048255,True,20,4,10,50,"{'bootstrap': True, 'max_depth': 20, 'min_samples_leaf': 4, 'min_samples_split': 10, 'n_estimators': 50}",0.6093884109691801,0.6402613845320331,0.5231631226958185,0.6097641467563155,0.5999490046367919,0.5965052139180278,0.03910831260085889,206,0.9685017586580599,0.9742481432773201,0.9657685102399459,0.9742481432773201,0.9714476167905681,0.9708428344486428,0.0033102090613935787
178,0.5016038894653321,0.061626922973553884,0.008465433120727539,0.0011453394943034116,True,20,4,10,100,"{'bootstrap': True, 'max_depth': 20, 'min_samples_leaf': 4, 'min_samples_split': 10, 'n_estimators': 100}",0.6965810542895782,0.663737157374776,0.5863954716083737,0.6268904600705456,0.5891310536439784,0.6325470393974504,0.04270852477120164,99,0.9842437497716294,0.9772629920371116,0.9756552121896728,0.9828621547109061,0.9799571558034779,0.9799962529025595,0.003242576162267546
179,0.8438712120056152,0.07989217898028407,0.014206647872924805,0.0023853139782971204,True,20,4,10,200,"{'bootstrap': True, 'max_depth': 20, 'min_samples_leaf': 4, 'min_samples_split': 10, 'n_estimators': 200}",0.6498764436064656,0.6671905646871329,0.5924114847666656,0.592251970515496,0.5650734396542887,0.6133607806460099,0.038593163784205846,170,0.9899762788217603,0.9799997020495823,0.9785194255160903,0.989987005264705,0.9799744214371121,0.98369136661785,0.005163878985877181
180,0.07189278602600098,0.006198159651360794,0.0024431705474853515,0.0003047855534685771,False,,1,2,10,"{'bootstrap': False, 'max_depth': None, 'min_samples_leaf': 1, 'min_samples_split': 2, 'n_estimators': 10}",0.5474013801823271,0.5819552173492389,0.5415071783578451,0.5931047212222177,0.5574998580847152,0.5642936710392689,0.019963649287047545,227,1.0,1.0,1.0,1.0,1.0,1.0,0.0
181,0.36105499267578123,0.05337662497746043,0.005834007263183593,0.002340060922904639,False,,1,2,50,"{'bootstrap': False, 'max_depth': None, 'min_samples_leaf': 1, 'min_samples_split': 2, 'n_estimators': 50}",0.7016464154456233,0.6626040723019054,0.6511619297660798,0.6274204172713119,0.6523113221148034,0.6590288313799448,0.02422868437797461,17,1.0,1.0,1.0,1.0,1.0,1.0,0.0
182,0.6861592769622803,0.06051022239706459,0.008188676834106446,0.0014676180349774608,False,,1,2,100,"{'bootstrap': False, 'max_depth': None, 'min_samples_leaf': 1, 'min_samples_split': 2, 'n_estimators': 100}",0.661275190853298,0.6842973644861307,0.638592278367959,0.6497685983882067,0.6608367393623731,0.6589540342915935,0.015167004111199523,18,1.0,1.0,1.0,1.0,1.0,1.0,0.0
183,1.3650332927703857,0.1239093646645349,0.015619277954101562,0.002684071741734503,False,,1,2,200,"{'bootstrap': False, 'max_depth': None, 'min_samples_leaf': 1, 'min_samples_split': 2, 'n_estimators': 200}",0.7306467537812795,0.7076718659920611,0.6044914319225264,0.6670757820592057,0.6652119762812779,0.6750195620072701,0.04311395813669653,2,1.0,1.0,1.0,1.0,1.0,1.0,0.0
184,0.06909189224243165,0.00593624773067434,0.0023967742919921873,0.0003411484585770136,False,,1,5,10,"{'bootstrap': False, 'max_depth': None, 'min_samples_leaf': 1, 'min_samples_split': 5, 'n_estimators': 10}",0.6095579107524128,0.5068112346436368,0.6039044765346255,0.527392789398576,0.5363116708904752,0.5567956164439453,0.04191816095057863,234,1.0,1.0,1.0,1.0,1.0,1.0,0.0
185,0.33928403854370115,0.024869802412022038,0.004940176010131836,0.0008724416321544099,False,,1,5,50,"{'bootstrap': False, 'max_depth': None, 'min_samples_leaf': 1, 'min_samples_split': 5, 'n_estimators': 50}",0.6785433314325467,0.6559347049194393,0.6041583810049808,0.6843554189103456,0.6402613845320331,0.6526506441598692,0.028953073727190175,34,1.0,1.0,1.0,1.0,1.0,1.0,0.0
186,0.6532457351684571,0.048078219368811626,0.009715127944946288,0.003058966442881639,False,,1,5,100,"{'bootstrap': False, 'max_depth': None, 'min_samples_leaf': 1, 'min_samples_split': 5, 'n_estimators': 100}",0.7021908539631214,0.6557052811009695,0.6156363467926402,0.701891355556126,0.6591024761916439,0.6669052627209002,0.03250822802785497,8,1.0,1.0,1.0,1.0,1.0,1.0,0.0
187,1.39734787940979,0.06902816949688383,0.015505313873291016,0.0027608689577692767,False,,1,5,200,"{'bootstrap': False, 'max_depth': None, 'min_samples_leaf': 1, 'min_samples_split': 5, 'n_estimators': 200}",0.713067744653766,0.7016464154456233,0.610862079331616,0.6732783879688828,0.646277804879285,0.6690264864558346,0.03720852490227336,6,1.0,1.0,1.0,1.0,1.0,1.0,0.0
188,0.07391128540039063,0.015527252695525665,0.0025884628295898436,0.0006291035242764486,False,,1,10,10,"{'bootstrap': False, 'max_depth': None, 'min_samples_leaf': 1, 'min_samples_split': 10, 'n_estimators': 10}",0.5635535401295892,0.597850936751175,0.4291201501851201,0.5352905862790245,0.47642210483773945,0.5204474636365297,0.06057831323209567,302,1.0,0.9985685463414732,0.9957047054745953,1.0,0.9985685463414732,0.9985683596315083,0.0015684198092039167
189,0.2979592800140381,0.010142311327312905,0.004269552230834961,0.000301343858504229,False,,1,10,50,"{'bootstrap': False, 'max_depth': None, 'min_samples_leaf': 1, 'min_samples_split': 10, 'n_estimators': 50}",0.6670248489545251,0.6900655593423541,0.5924114847666656,0.6152398322902826,0.5994149194122841,0.6328313289532222,0.0387423151704468,97,1.0,1.0,1.0,1.0,1.0,1.0,0.0
190,0.6332828044891358,0.05763894088688857,0.007886457443237304,0.0013890305246337512,False,,1,10,100,"{'bootstrap': False, 'max_depth': None, 'min_samples_leaf': 1, 'min_samples_split': 10, 'n_estimators': 100}",0.7132256789312262,0.7188261305840546,0.6274204172713119,0.6555622813752365,0.6113865073248417,0.6652842030973343,0.04381384884430612,11,1.0,1.0,1.0,1.0,1.0,1.0,0.0
191,1.4166361808776855,0.03222746602277088,0.015190219879150391,0.0025822308211335076,False,,1,10,200,"{'bootstrap': False, 'max_depth': None, 'min_samples_leaf': 1, 'min_samples_split': 10, 'n_estimators': 200}",0.7193825127161433,0.6557052811009695,0.6044914319225264,0.6382661297399683,0.6537964821485259,0.6543283675256266,0.03735220537667822,29,1.0,1.0,1.0,1.0,1.0,1.0,0.0
192,0.06722812652587891,0.004776404117843231,0.002604818344116211,0.00023520732240611404,False,,2,2,10,"{'bootstrap': False, 'max_depth': None, 'min_samples_leaf': 2, 'min_samples_split': 2, 'n_estimators': 10}",0.5638230124116617,0.6294596515948581,0.5388127120036633,0.5596247894794742,0.5910897121982246,0.5765619755375764,0.03125180191664236,222,1.0,1.0,1.0,1.0,1.0,1.0,0.0
193,0.3187511444091797,0.03586563146987337,0.00426936149597168,0.00016095136602994772,False,,2,2,50,"{'bootstrap': False, 'max_depth': None, 'min_samples_leaf': 2, 'min_samples_split': 2, 'n_estimators': 50}",0.6497474141506256,0.65625,0.5979676237646971,0.6382590096888986,0.5967190114847657,0.6277886118177974,0.02552050251091023,115,1.0,1.0,1.0,1.0,1.0,1.0,0.0
194,0.6275411128997803,0.05182097455862804,0.008160781860351563,0.0016116464647648646,False,,2,2,100,"{'bootstrap': False, 'max_depth': None, 'min_samples_leaf': 2, 'min_samples_split': 2, 'n_estimators': 100}",0.7016882047132211,0.6965236525274136,0.6049032019707433,0.6037302435909746,0.6342615127009412,0.6482213631006588,0.04299445205598887,49,1.0,1.0,1.0,1.0,1.0,1.0,0.0
195,1.3105254173278809,0.14899415687889642,0.014368820190429687,0.002654776883184769,False,,2,2,200,"{'bootstrap': False, 'max_depth': None, 'min_samples_leaf': 2, 'min_samples_split': 2, 'n_estimators': 200}",0.7188261305840546,0.7188343942142256,0.5865557254410011,0.6727877757868226,0.646277804879285,0.6686563661810777,0.049584722483332,7,1.0,1.0,1.0,1.0,1.0,1.0,0.0
196,0.058922624588012694,0.001404063773998471,0.0020086288452148436,6.964457679438931e-05,False,,2,5,10,"{'bootstrap': False, 'max_depth': None, 'min_samples_leaf': 2, 'min_samples_split': 5, 'n_estimators': 10}",0.5807110661923586,0.5590929766924082,0.6153974683025856,0.6059616675035313,0.5425445484313276,0.5807415454244422,0.02743996933176556,218,1.0,1.0,1.0,1.0,1.0,1.0,0.0
197,0.3140756130218506,0.037516065896570215,0.004719686508178711,0.0006660625114647085,False,,2,5,50,"{'bootstrap': False, 'max_depth': None, 'min_samples_leaf': 2, 'min_samples_split': 5, 'n_estimators': 50}",0.6615482099432778,0.6278083146099108,0.5875,0.6152398322902826,0.6126717164682163,0.6209536146623374,0.024146592132488414,134,1.0,1.0,1.0,1.0,1.0,1.0,0.0
198,0.6506406784057617,0.04611313349279984,0.007924270629882813,0.001419216365774256,False,,2,5,100,"{'bootstrap': False, 'max_depth': None, 'min_samples_leaf': 2, 'min_samples_split': 5, 'n_estimators': 100}",0.7419696277720047,0.6383834518385055,0.5697244836420027,0.6727877757868226,0.6134323833531677,0.6472595444785006,0.058062790116332016,51,1.0,1.0,1.0,1.0,1.0,1.0,0.0
199,1.25811824798584,0.07578979439920754,0.013975811004638673,0.0019738674330846712,False,,2,5,200,"{'bootstrap': False, 'max_depth': None, 'min_samples_leaf': 2, 'min_samples_split': 5, 'n_estimators': 200}",0.7016882047132211,0.6965236525274136,0.6159559245969192,0.695982107306256,0.6408854868548307,0.670207075199728,0.03507397588691134,4,1.0,1.0,1.0,1.0,1.0,1.0,0.0
200,0.06660308837890624,0.00396222881735135,0.003395271301269531,0.0017642667703274665,False,,2,10,10,"{'bootstrap': False, 'max_depth': None, 'min_samples_leaf': 2, 'min_samples_split': 10, 'n_estimators': 10}",0.6404074129030805,0.610862079331616,0.5825090745511257,0.574806905942825,0.5898263304304183,0.5996823606318131,0.02364050475276709,202,0.9985685463414732,0.9985689188010128,1.0,1.0,1.0,0.9994274930284972,0.000701174987076382
201,0.320403528213501,0.04888460919175133,0.004785919189453125,0.0008595800044136938,False,,2,10,50,"{'bootstrap': False, 'max_depth': None, 'min_samples_leaf': 2, 'min_samples_split': 10, 'n_estimators': 50}",0.6853981181013674,0.6677083333333333,0.5809184929987056,0.6788767772695627,0.5898263304304183,0.6405456104266773,0.04548995011660725,71,1.0,1.0,0.9985689188010128,1.0,1.0,0.9997137837602026,0.0005724324795948644
202,0.6870437145233155,0.07483603403934423,0.008553838729858399,0.0015478589802755676,False,,2,10,100,"{'bootstrap': False, 'max_depth': None, 'min_samples_leaf': 2, 'min_samples_split': 10, 'n_estimators': 100}",0.6958484106783056,0.6503494026200973,0.6333333333333333,0.6785644666866483,0.6337563991702796,0.6583704024977328,0.024937689375052176,20,1.0,1.0,1.0,1.0,1.0,1.0,0.0
203,1.33575439453125,0.10078113477870412,0.015272855758666992,0.002199119711352517,False,,2,10,200,"{'bootstrap': False, 'max_depth': None, 'min_samples_leaf': 2, 'min_samples_split': 10, 'n_estimators': 200}",0.719765295128263,0.7016464154456233,0.5982788631701521,0.6325600960638247,0.6294596515948581,0.6563420642805443,0.04633480741926587,26,1.0,1.0,1.0,1.0,1.0,1.0,0.0
204,0.05831441879272461,0.004070228535083165,0.002106380462646484,0.0002585361382440687,False,,4,2,10,"{'bootstrap': False, 'max_depth': None, 'min_samples_leaf': 4, 'min_samples_split': 2, 'n_estimators': 10}",0.5979139540863954,0.6266918607452808,0.5441355583548226,0.6094266260816663,0.5408524452393346,0.5838040889014999,0.0349668405487926,216,0.9971354166666667,0.9957035870275044,0.9957035870275044,0.9985689188010128,0.9971354166666667,0.996849385237871,0.0010720196555145589
205,0.3120736122131348,0.018090292605743994,0.005162334442138672,0.0009023939644395703,False,,4,2,50,"{'bootstrap': False, 'max_depth': None, 'min_samples_leaf': 4, 'min_samples_split': 2, 'n_estimators': 50}",0.6270283317735235,0.6440611887195306,0.6093884109691801,0.6497685983882067,0.5985625323993805,0.6257618124499642,0.01959941899882615,123,1.0,1.0,0.9985689188010128,1.0,1.0,0.9997137837602026,0.0005724324795948644
206,0.6800063610076904,0.10527191604236977,0.0077132701873779295,0.0014372107548798127,False,,4,2,100,"{'bootstrap': False, 'max_depth': None, 'min_samples_leaf': 4, 'min_samples_split': 2, 'n_estimators': 100}",0.6958585209613152,0.6615482099432778,0.5809184929987056,0.6382590096888986,0.6337563991702796,0.6420681265524953,0.03767161277855732,65,1.0,1.0,1.0,1.0,1.0,1.0,0.0
207,1.216606330871582,0.14832361305785094,0.013892221450805663,0.002507222902155523,False,,4,2,200,"{'bootstrap': False, 'max_depth': None, 'min_samples_leaf': 4, 'min_samples_split': 2, 'n_estimators': 200}",0.7130987788666115,0.695982107306256,0.581202449429662,0.690150730495216,0.6282776446944284,0.6617423421584347,0.04944379017379631,13,1.0,1.0,1.0,1.0,1.0,1.0,0.0
208,0.06247239112854004,0.005797964187816554,0.002391672134399414,0.0003079332112536604,False,,4,5,10,"{'bootstrap': False, 'max_depth': None, 'min_samples_leaf': 4, 'min_samples_split': 5, 'n_estimators': 10}",0.5805282397141488,0.574806905942825,0.5302083333333333,0.5182822708186985,0.5837563105549674,0.5575164120727945,0.02757566559996937,231,0.9985685463414732,0.9957035870275044,0.9971402515216047,0.9957035870275044,1.0,0.9974231943836174,0.0016700846609405704
209,0.3383547306060791,0.043295862952734146,0.006234407424926758,0.002156811488663547,False,,4,5,50,"{'bootstrap': False, 'max_depth': None, 'min_samples_leaf': 4, 'min_samples_split': 5, 'n_estimators': 50}",0.7025879359142937,0.6093884109691801,0.6094324365644169,0.6267185517348044,0.6168355021586027,0.6329925674682595,0.03537277290296208,95,1.0,1.0,1.0,1.0,1.0,1.0,0.0
210,0.6246021270751954,0.03476208876524967,0.008316802978515624,0.0014227437234604135,False,,4,5,100,"{'bootstrap': False, 'max_depth': None, 'min_samples_leaf': 4, 'min_samples_split': 5, 'n_estimators': 100}",0.661275190853298,0.690625,0.581202449429662,0.6613694353744256,0.646277804879285,0.6481499761073342,0.03643248378436269,50,1.0,1.0,0.9985689188010128,1.0,1.0,0.9997137837602026,0.0005724324795948644
211,1.2131096363067626,0.08392727031696419,0.014913415908813477,0.0024134984124886657,False,,4,5,200,"{'bootstrap': False, 'max_depth': None, 'min_samples_leaf': 4, 'min_samples_split': 5, 'n_estimators': 200}",0.701891355556126,0.667405741094501,0.5697244836420027,0.6787751731875111,0.6423809880157739,0.6520355482991829,0.04539862064477222,36,1.0,1.0,1.0,0.9985689188010128,1.0,0.9997137837602026,0.0005724324795948644
212,0.06346817016601562,0.006045740511646378,0.002386045455932617,0.0003214946098223149,False,,4,10,10,"{'bootstrap': False, 'max_depth': None, 'min_samples_leaf': 4, 'min_samples_split': 10, 'n_estimators': 10}",0.5517319676924559,0.5784036374115195,0.5169051113881449,0.5144957554275266,0.526627134255104,0.5376327212349501,0.02427810659031118,259,0.9957047054745953,0.9971402515216047,0.9942764022352503,0.9899791866262521,0.9942734225312736,0.9942747936777951,0.0023961527835279816
213,0.3489858150482178,0.03952176031001028,0.004891729354858399,0.0007782116180560648,False,,4,10,50,"{'bootstrap': False, 'max_depth': None, 'min_samples_leaf': 4, 'min_samples_split': 10, 'n_estimators': 50}",0.6671905646871329,0.6843307442586428,0.5809184929987056,0.661275190853298,0.6028580008298084,0.6393145987255175,0.04006239917364363,76,0.9985689188010128,1.0,0.9985689188010128,1.0,1.0,0.9994275675204051,0.0007010837436017805
214,0.6570282936096191,0.044742821269192476,0.0076904773712158205,0.001354863140518674,False,,4,10,100,"{'bootstrap': False, 'max_depth': None, 'min_samples_leaf': 4, 'min_samples_split': 10, 'n_estimators': 100}",0.6793793254186263,0.6613694353744256,0.610862079331616,0.6383993935945891,0.6126717164682163,0.6405363900374945,0.02684906296250151,72,1.0,0.9985689188010128,0.9985689188010128,0.9985689188010128,1.0,0.9991413512806077,0.0007010837436017805
215,1.1775430202484132,0.06994212649131193,0.014827632904052734,0.0025011996524372596,False,,4,10,200,"{'bootstrap': False, 'max_depth': None, 'min_samples_leaf': 4, 'min_samples_split': 10, 'n_estimators': 200}",0.6670633740309424,0.6962073733176684,0.6044914319225264,0.6674497772303134,0.6469397955249131,0.6564303504052728,0.030346078480898344,25,1.0,1.0,0.9985689188010128,1.0,1.0,0.9997137837602026,0.0005724324795948644
216,0.04189944267272949,0.002883965482117671,0.002369594573974609,0.00012614604228014547,False,5,1,2,10,"{'bootstrap': False, 'max_depth': 5, 'min_samples_leaf': 1, 'min_samples_split': 2, 'n_estimators': 10}",0.45305977298225986,0.4259996093776999,0.4239023639242806,0.47952979172869453,0.4945469841953538,0.45540770444165773,0.028201750418249592,354,0.6776931031769726,0.7008711219696873,0.7048739537253409,0.7230243434929077,0.7325356864291636,0.7077996417588144,0.0190085830673571
217,0.1835775852203369,0.016266563787174282,0.004102325439453125,0.0005629599467673235,False,5,1,2,50,"{'bootstrap': False, 'max_depth': 5, 'min_samples_leaf': 1, 'min_samples_split': 2, 'n_estimators': 50}",0.5931355829402194,0.5227903496883294,0.48814761567283765,0.4995711893862106,0.5078376400576295,0.5222964755490453,0.03717543337592493,295,0.7507194141302411,0.7777536560675226,0.7654879411893781,0.7598622838564237,0.7553390535506397,0.761832469758841,0.009342298826333837
218,0.39061174392700193,0.02570666383069165,0.007157421112060547,0.000899653868938957,False,5,1,2,100,"{'bootstrap': False, 'max_depth': 5, 'min_samples_leaf': 1, 'min_samples_split': 2, 'n_estimators': 100}",0.5865448834359569,0.5001439452972025,0.45303562818517973,0.5302083333333333,0.5319843024086719,0.5203834185320689,0.04371226381058832,303,0.7625369482627624,0.770965268604708,0.766404043773385,0.7912307072421841,0.7709288390692044,0.7724131613904488,0.009920168531166168
219,0.713659143447876,0.055831076963302445,0.010598134994506837,0.0015947909354193366,False,5,1,2,200,"{'bootstrap': False, 'max_depth': 5, 'min_samples_leaf': 1, 'min_samples_split': 2, 'n_estimators': 200}",0.557826579564462,0.5346727113951265,0.4763225062694647,0.5461823000944346,0.5259289944370271,0.528186618352103,0.028069286606063153,280,0.7497044915798471,0.7667875269768292,0.7808887059932823,0.8076537132337941,0.7673954209933187,0.7744859717554142,0.019311953822998915
220,0.04810357093811035,0.016176327865540154,0.0023101806640625,0.00021393194812667978,False,5,1,5,10,"{'bootstrap': False, 'max_depth': 5, 'min_samples_leaf': 1, 'min_samples_split': 5, 'n_estimators': 10}",0.4122436815054616,0.43568891521411907,0.4774815670870656,0.47892508245532167,0.4566455066570431,0.45219695058380227,0.025464773543105383,356,0.6871902861784277,0.7257615342053393,0.7145774380937868,0.7306407244815653,0.7303637126460925,0.7177067391210423,0.016330420111485503
221,0.19030776023864746,0.016195883859767453,0.004212331771850586,0.0006846972050811966,False,5,1,5,50,"{'bootstrap': False, 'max_depth': 5, 'min_samples_leaf': 1, 'min_samples_split': 5, 'n_estimators': 50}",0.5120163847864739,0.5520524474738834,0.48792288674141404,0.5349465259268655,0.5481826469436486,0.5270241783744571,0.024045804261033588,283,0.7580442175468896,0.7694981823724606,0.7633749230460777,0.7895692213731688,0.755842175394665,0.7672657439466523,0.012108689784811376
222,0.38246936798095704,0.028422107934568265,0.006733083724975586,0.0011231497227213252,False,5,1,5,100,"{'bootstrap': False, 'max_depth': 5, 'min_samples_leaf': 1, 'min_samples_split': 5, 'n_estimators': 100}",0.5576120282858583,0.5169051113881449,0.5053247524772089,0.5112427716831655,0.5078376400576295,0.5197844607784015,0.019307955140469398,305,0.7611503616803028,0.7619591364866013,0.7680323086132465,0.7957645060314029,0.7673954209933187,0.7708603467609745,0.012757241190184575
223,0.7730423450469971,0.05353476512624002,0.011842870712280273,0.0020130054176051813,False,5,1,5,200,"{'bootstrap': False, 'max_depth': 5, 'min_samples_leaf': 1, 'min_samples_split': 5, 'n_estimators': 200}",0.5981491886837906,0.5464395176948256,0.4995711893862106,0.5579325094627856,0.4963904801382978,0.5396965770731821,0.03815806350225129,252,0.7639254086202818,0.7610632902637344,0.7822916666666667,0.7959810953276448,0.7607109664227876,0.7727944854602231,0.01407201638054059
224,0.038192033767700195,0.003953925702394682,0.002128124237060547,0.00026954951245502037,False,5,1,10,10,"{'bootstrap': False, 'max_depth': 5, 'min_samples_leaf': 1, 'min_samples_split': 10, 'n_estimators': 10}",0.4766000376676737,0.4541055904999705,0.4355948827242785,0.453775210205195,0.47291666666666665,0.4585984775527569,0.01484373283969096,352,0.6592060357317763,0.7274441104733984,0.7092995591293922,0.6404486320953788,0.6821168300226121,0.6837030334905115,0.03175539677311253
225,0.19232492446899413,0.013535550795275226,0.00423274040222168,0.0006282175395167049,False,5,1,10,50,"{'bootstrap': False, 'max_depth': 5, 'min_samples_leaf': 1, 'min_samples_split': 10, 'n_estimators': 50}",0.6164790226981529,0.4940136687891288,0.4588548036464487,0.471544798883942,0.492349628475186,0.5066483844985716,0.05646830552774559,333,0.7523940249899173,0.755622560581593,0.7533719362445529,0.7280181824062689,0.7354656664213799,0.7449744741287424,0.0111074938943817
226,0.40039901733398436,0.02798239748162143,0.00674586296081543,0.001117055751632043,False,5,1,10,100,"{'bootstrap': False, 'max_depth': 5, 'min_samples_leaf': 1, 'min_samples_split': 10, 'n_estimators': 100}",0.5981491886837906,0.5575252005292465,0.47058367574440074,0.5352905862790245,0.463408200926304,0.5249913704325533,0.0515155788607843,285,0.7501239746179517,0.7665676393611948,0.7721837655684766,0.7653157524502978,0.7577139697881328,0.7623810203572108,0.007671385482275424
227,0.7059343814849853,0.03593950686123098,0.009797334671020508,0.0007035638630191203,False,5,1,10,200,"{'bootstrap': False, 'max_depth': 5, 'min_samples_leaf': 1, 'min_samples_split': 10, 'n_estimators': 200}",0.5979676237646971,0.5286260914431442,0.4763225062694647,0.5401635656611493,0.5192847999769614,0.5324729174230833,0.03921809738809101,271,0.7606709975431863,0.7666346911660679,0.7691279941821472,0.7895426208172102,0.7412177291079085,0.765438806563304,0.015526923087395946
228,0.04866032600402832,0.012879330664664491,0.0023127079010009767,0.00024896194545232116,False,5,2,2,10,"{'bootstrap': False, 'max_depth': 5, 'min_samples_leaf': 2, 'min_samples_split': 2, 'n_estimators': 10}",0.5119605423909456,0.46092708994338977,0.5178818780670077,0.4647386459027291,0.38553763294338556,0.4682091578494916,0.047499930062189395,348,0.712609325528305,0.6829647054338369,0.7054037704742078,0.694678535007099,0.6659399613070028,0.6923192595500902,0.016564011849291644
229,0.2034597873687744,0.02962748509754594,0.0052154541015625,0.0019629383228243194,False,5,2,2,50,"{'bootstrap': False, 'max_depth': 5, 'min_samples_leaf': 2, 'min_samples_split': 2, 'n_estimators': 50}",0.5936002265779383,0.5403215416962872,0.4589619579330557,0.5297533069937602,0.495340198468575,0.5235954463339233,0.04515351066259864,292,0.7547516117666839,0.748321035270758,0.7533479544646636,0.7990809977186075,0.7424161311597075,0.759583546076084,0.020218027414757204
230,0.4036118030548096,0.09242771749018878,0.006289100646972657,0.0010975346233976183,False,5,2,2,100,"{'bootstrap': False, 'max_depth': 5, 'min_samples_leaf': 2, 'min_samples_split': 2, 'n_estimators': 100}",0.551646188120953,0.523812620491365,0.4942476117842007,0.5401635656611493,0.4992571512569775,0.5218254274629291,0.022357893565586512,296,0.7667079894916279,0.7740713941486882,0.7581196107906015,0.7793514488523626,0.7486365395814388,0.7653773965729438,0.011005107502815432
231,0.7990428447723389,0.10812343834538322,0.011835479736328125,0.001966394926642423,False,5,2,2,200,"{'bootstrap': False, 'max_depth': 5, 'min_samples_leaf': 2, 'min_samples_split': 2, 'n_estimators': 200}",0.5754495488645461,0.5518400241743088,0.48216403465533675,0.5518400241743088,0.5138562193361715,0.5350299702409343,0.03299100797282117,263,0.7491172704913935,0.7751602793404473,0.7835354673952794,0.7999097827318136,0.7661534062122252,0.7747752412342318,0.0169782360380379
232,0.03932476043701172,0.0032376371485703117,0.0022612571716308593,0.00023233719150347583,False,5,2,5,10,"{'bootstrap': False, 'max_depth': 5, 'min_samples_leaf': 2, 'min_samples_split': 5, 'n_estimators': 10}",0.5227903496883294,0.5018301950944892,0.4366551993940926,0.5127754905273845,0.41504294524314284,0.47781883598948766,0.043488406601463525,345,0.7040268044544239,0.68951033135005,0.6959037736525416,0.7210239157360374,0.6605033472931601,0.6941936344972426,0.01988189417008448
233,0.19113759994506835,0.02568917601132795,0.004111289978027344,0.0006325679757634387,False,5,2,5,50,"{'bootstrap': False, 'max_depth': 5, 'min_samples_leaf': 2, 'min_samples_split': 5, 'n_estimators': 50}",0.5228962624380346,0.5307319598962932,0.49952744200608135,0.5319843024086719,0.5144957554275266,0.5199271444353214,0.011971487819060392,304,0.7490024520442425,0.7631687038841644,0.767815731303215,0.7813181084998562,0.7583827712556706,0.7639375533974297,0.010692314493914138
234,0.39649786949157717,0.027822005574714113,0.007225227355957031,0.0008920912584334765,False,5,2,5,100,"{'bootstrap': False, 'max_depth': 5, 'min_samples_leaf': 2, 'min_samples_split': 5, 'n_estimators': 100}",0.5754495488645461,0.5229418704212293,0.5111402064035755,0.5297533069937602,0.526627134255104,0.533182413387643,0.022054336560252234,268,0.7666346911660679,0.7544714842415209,0.7863803223113961,0.7757469081991853,0.7619325638194655,0.7690331939475272,0.011083428845764895
235,0.7676133632659912,0.08328072553463711,0.011691427230834961,0.0019349055678197587,False,5,2,5,200,"{'bootstrap': False, 'max_depth': 5, 'min_samples_leaf': 2, 'min_samples_split': 5, 'n_estimators': 200}",0.5524542086231226,0.5343379276934932,0.49952744200608135,0.5635535401295892,0.5024140768003459,0.5304574390505266,0.025835490526939335,276,0.7581196107906015,0.7722367605379415,0.7692294021785926,0.785918624990134,0.7390719891123011,0.7649152775219141,0.015667884554869713
236,0.03540248870849609,0.0007589085818645981,0.0017542839050292969,0.00020561951418953417,False,5,2,10,10,"{'bootstrap': False, 'max_depth': 5, 'min_samples_leaf': 2, 'min_samples_split': 10, 'n_estimators': 10}",0.4938480474601814,0.4706484892693141,0.48272912930617906,0.5352905862790245,0.37197339894981357,0.4708979302529025,0.05403558904149129,346,0.7202558996299078,0.7246169826179503,0.7081629386459364,0.7643082808664896,0.6748281438630039,0.7184344491246575,0.028820005645744346
237,0.2138080596923828,0.02735853572047588,0.004570293426513672,0.0006320381721438768,False,5,2,10,50,"{'bootstrap': False, 'max_depth': 5, 'min_samples_leaf': 2, 'min_samples_split': 10, 'n_estimators': 50}",0.5924627800537244,0.53570447587617,0.4821061362054538,0.523812620491365,0.4687627993895242,0.5205697624032475,0.04375292818627758,301,0.7552568178902593,0.7598622838564237,0.7562707389270431,0.7543552909254637,0.7324421066982606,0.7516374476594901,0.009778169009993686
238,0.3873631954193115,0.06478986624663513,0.0063232421875,0.0011208703625568486,False,5,2,10,100,"{'bootstrap': False, 'max_depth': 5, 'min_samples_leaf': 2, 'min_samples_split': 10, 'n_estimators': 100}",0.5808458627977691,0.5632385140971595,0.5111443592620367,0.5467685520666838,0.5030625164180259,0.541011960928335,0.02981989843504533,248,0.7493823594026897,0.7694318526876123,0.7895426208172102,0.788667798989613,0.7452785838210313,0.7684606431436313,0.018735586262125948
239,0.6825047016143799,0.007869916463369733,0.009666776657104493,0.000553553654147229,False,5,2,10,200,"{'bootstrap': False, 'max_depth': 5, 'min_samples_leaf': 2, 'min_samples_split': 10, 'n_estimators': 200}",0.6044003357330319,0.5229418704212293,0.48796594531160714,0.5352905862790245,0.5313239885084934,0.5363845452506772,0.03788936542710125,261,0.7694318526876123,0.7597656392165048,0.774904125236205,0.7715115449575384,0.7627228194903801,0.7676671963176481,0.005606204341155965
240,0.03661136627197266,0.004022692020308588,0.0021200656890869142,0.0002966318610624779,False,5,4,2,10,"{'bootstrap': False, 'max_depth': 5, 'min_samples_leaf': 4, 'min_samples_split': 2, 'n_estimators': 10}",0.4532951213167511,0.5590929766924082,0.378264802395517,0.48272912930617906,0.4070632421280352,0.45608905436777814,0.06290858785521128,353,0.6888326471722711,0.7258831744700543,0.6744874008282821,0.6967157787266045,0.6819205523443903,0.6935679107083205,0.01775575895278409
241,0.2069237232208252,0.02782628961451685,0.0045623302459716795,0.0005579446586831289,False,5,4,2,50,"{'bootstrap': False, 'max_depth': 5, 'min_samples_leaf': 4, 'min_samples_split': 2, 'n_estimators': 50}",0.5521348341775848,0.5405513548181774,0.4824761945711237,0.5526953793438837,0.49162927740852536,0.523897408063859,0.03053188008973363,291,0.7463383819676894,0.7477975903524356,0.7508492128951195,0.772783981434444,0.7303637126460925,0.7496265758591563,0.013586578528216436
242,0.37827744483947756,0.02662132006985982,0.0069888591766357425,0.0008505605528519782,False,5,4,2,100,"{'bootstrap': False, 'max_depth': 5, 'min_samples_leaf': 4, 'min_samples_split': 2, 'n_estimators': 100}",0.5633362729402895,0.5116535339965105,0.4880021723688457,0.5403215416962872,0.5010740111648763,0.5208775064333618,0.027345438533012963,300,0.732127330142379,0.7649943293640248,0.7605031295599263,0.792904849198229,0.7560862340092952,0.7613231744547708,0.01944929254210429
243,0.7608212947845459,0.06557506318626072,0.010825395584106445,0.00197914913289954,False,5,4,2,200,"{'bootstrap': False, 'max_depth': 5, 'min_samples_leaf': 4, 'min_samples_split': 2, 'n_estimators': 200}",0.5635244477962146,0.5346727113951265,0.4824761945711237,0.5343379276934932,0.5098674792981257,0.5249757521508167,0.0272108639646014,287,0.7447634619038084,0.7569044882300681,0.7721837655684766,0.7797936961215616,0.7456653672064095,0.7598621558060648,0.014052441268853423
244,0.03522095680236816,0.0005153876860380829,0.0018712520599365235,5.138937568431329e-05,False,5,4,5,10,"{'bootstrap': False, 'max_depth': 5, 'min_samples_leaf': 4, 'min_samples_split': 5, 'n_estimators': 10}",0.4762936074941706,0.4996951936780015,0.4474229579225287,0.48897455885502555,0.43165047907951865,0.46880735940584906,0.02551370036851493,347,0.7156458555262802,0.7261814290882798,0.7302340443586948,0.694962306200757,0.6467665012958117,0.7027580272939646,0.03054671056879891
245,0.1927318572998047,0.012491325503293994,0.004523754119873047,0.0005530853088100644,False,5,4,5,50,"{'bootstrap': False, 'max_depth': 5, 'min_samples_leaf': 4, 'min_samples_split': 5, 'n_estimators': 50}",0.5458472574556701,0.5464395176948256,0.48216403465533675,0.5060480768510598,0.4741364750682446,0.5109270723450273,0.030611168174491787,325,0.7425987332978846,0.7455596056866416,0.7565769114678286,0.7842249286696781,0.7270201924935079,0.7511960743231081,0.019026381376696894
246,0.3930505275726318,0.0618345798915144,0.006148242950439453,0.0009516917196085794,False,5,4,5,100,"{'bootstrap': False, 'max_depth': 5, 'min_samples_leaf': 4, 'min_samples_split': 5, 'n_estimators': 100}",0.5524542086231226,0.5985795240441306,0.47633076632207155,0.5127754905273845,0.49162927740852536,0.5263538533850468,0.04424986643971199,284,0.740419450116984,0.7637034260347773,0.770776803057385,0.768443890758293,0.7430361603329343,0.7572759460600746,0.012924562509453038
247,0.7639323234558105,0.08739367927378408,0.01127176284790039,0.0017405016997523147,False,5,4,5,200,"{'bootstrap': False, 'max_depth': 5, 'min_samples_leaf': 4, 'min_samples_split': 5, 'n_estimators': 200}",0.5461831405223195,0.523812620491365,0.4589619579330557,0.5464395176948256,0.5024140768003459,0.5155622626883823,0.03266674373265042,315,0.753529836689632,0.7598622838564237,0.7721370900035838,0.7884676401959879,0.7601891461958141,0.7668371993882883,0.012376564709075728
248,0.04592490196228027,0.011723351274711616,0.002324819564819336,0.0002535484011233758,False,5,4,10,10,"{'bootstrap': False, 'max_depth': 5, 'min_samples_leaf': 4, 'min_samples_split': 10, 'n_estimators': 10}",0.5112528233958921,0.47291666666666665,0.443988534481028,0.5123346547037056,0.39336604086431143,0.4667717440223208,0.04472086139471609,349,0.6918744427808016,0.6812211035429531,0.6671504937020182,0.7196100985652681,0.6361979166666667,0.6792108110515416,0.02753932320892329
249,0.19561939239501952,0.014388768307129148,0.0045531272888183595,0.0005531524662299162,False,5,4,10,50,"{'bootstrap': False, 'max_depth': 5, 'min_samples_leaf': 4, 'min_samples_split': 10, 'n_estimators': 50}",0.5401276624446222,0.5284854702990809,0.47048476410753376,0.5293671616531712,0.49583333333333335,0.5128596783675483,0.0258678762843336,322,0.726332097977366,0.7506141568748333,0.7723616735788534,0.7839602371161134,0.7711223182022613,0.7608780967498856,0.020339008367115535
250,0.39313907623291017,0.014604065028289138,0.00724639892578125,0.0009392237986424654,False,5,4,10,100,"{'bootstrap': False, 'max_depth': 5, 'min_samples_leaf': 4, 'min_samples_split': 10, 'n_estimators': 100}",0.5584948368340817,0.5344696471239018,0.4763225062694647,0.5169051113881449,0.5536262797349568,0.52796367627011,0.029739370992042043,281,0.7476648994840802,0.7453662083837648,0.7706450666700567,0.7844331792782322,0.7557293103669678,0.7607677328366204,0.014777631591408633
251,0.7350113391876221,0.05385364983024634,0.01172342300415039,0.0019255794650904834,False,5,4,10,200,"{'bootstrap': False, 'max_depth': 5, 'min_samples_leaf': 4, 'min_samples_split': 10, 'n_estimators': 200}",0.5694700186066044,0.5405513548181774,0.5169190519489548,0.5403215416962872,0.5144957554275266,0.5363515444995101,0.019927518131086466,262,0.7609077087532823,0.7496148168375449,0.7678604525326229,0.775855878113162,0.748321035270758,0.7605119783014741,0.010554232871190325
252,0.057782888412475586,0.004144590412070758,0.0021164417266845703,0.0002557591565379726,False,10,1,2,10,"{'bootstrap': False, 'max_depth': 10, 'min_samples_leaf': 1, 'min_samples_split': 2, 'n_estimators': 10}",0.493744685029704,0.59518214581494,0.5352905862790245,0.5471689685505626,0.551154984027973,0.5445082739404409,0.032499252503622,244,0.9871706404309772,0.9857965671450027,0.9885638386767999,0.9971402515216047,0.9886183566695658,0.9894579308887902,0.003978934987184855
253,0.3218715667724609,0.027378555834391787,0.005332469940185547,0.0006393937885284654,False,10,1,2,50,"{'bootstrap': False, 'max_depth': 10, 'min_samples_leaf': 1, 'min_samples_split': 2, 'n_estimators': 50}",0.6094324365644169,0.5700979538993481,0.553125,0.6383834518385055,0.5767777608562489,0.5895633206317039,0.030490356607467264,214,0.9971402515216047,0.9971402515216047,0.9971402515216047,0.9971402515216047,0.9942901168365917,0.9965702245846021,0.0011400538740051758
254,0.6438884258270263,0.08767492679125156,0.008502054214477538,0.0033367331727764075,False,10,1,2,100,"{'bootstrap': False, 'max_depth': 10, 'min_samples_leaf': 1, 'min_samples_split': 2, 'n_estimators': 100}",0.7016882047132211,0.6555622813752365,0.5575252005292465,0.6153974683025856,0.6402613845320331,0.6340869078904645,0.0474978764712696,89,0.9985689188010128,0.9971402515216047,0.9985689188010128,0.9957139876774905,0.9971402515216047,0.9974264656645451,0.0010683460362106143
255,1.3358012676239013,0.10930602518164054,0.014740324020385743,0.0009714708127333048,False,10,1,2,200,"{'bootstrap': False, 'max_depth': 10, 'min_samples_leaf': 1, 'min_samples_split': 2, 'n_estimators': 200}",0.6790301361412494,0.690625,0.5815624465737409,0.661275190853298,0.6204274288811966,0.6465840404898969,0.0402992832264625,53,0.9957139876774905,0.9971402515216047,0.9985689188010128,0.9942901168365917,0.9957139876774905,0.996285452502838,0.0014546070405163046
256,0.07060446739196777,0.01437498872484266,0.0025093555450439453,0.00022263541725106378,False,10,1,5,10,"{'bootstrap': False, 'max_depth': 10, 'min_samples_leaf': 1, 'min_samples_split': 5, 'n_estimators': 10}",0.5982788631701521,0.581202449429662,0.4945469841953538,0.51875,0.50630198209703,0.5398160557784395,0.041825815258885846,251,0.9801235276710681,0.9942901168365917,0.9914495126948776,0.9787825433545352,0.9871235140583121,0.9863538429230768,0.00609399857246466
257,0.3670618534088135,0.06785898085035065,0.006187963485717774,0.0017722955780558518,False,10,1,5,50,"{'bootstrap': False, 'max_depth': 10, 'min_samples_leaf': 1, 'min_samples_split': 5, 'n_estimators': 50}",0.6687084076123916,0.6337563991702796,0.5518400241743088,0.6271143125802996,0.6213846740159947,0.6205607635106549,0.03810115032875553,139,0.9957139876774905,0.9942901168365917,0.9971402515216047,0.9900327587875246,0.9928686286186559,0.9940091486883734,0.002445472825626848
258,0.7609893321990967,0.07621156839446297,0.009653329849243164,0.0013834116212849874,False,10,1,5,100,"{'bootstrap': False, 'max_depth': 10, 'min_samples_leaf': 1, 'min_samples_split': 5, 'n_estimators': 100}",0.6556589908188962,0.6402613845320331,0.6041583810049808,0.6159559245969192,0.6530119380545361,0.633809323801473,0.02042400402699268,91,0.9942901168365917,0.9928686286186559,0.9971402515216047,0.9957139876774905,0.9942901168365917,0.9948606202981869,0.001452166219793432
259,1.5471516132354737,0.1159260651776742,0.018215227127075195,0.002056525015932998,False,10,1,5,200,"{'bootstrap': False, 'max_depth': 10, 'min_samples_leaf': 1, 'min_samples_split': 5, 'n_estimators': 200}",0.6785433314325467,0.6691365053734076,0.5930269392481337,0.6267494209895906,0.6134323833531677,0.6361777160793693,0.03270889666817535,81,0.9957139876774905,1.0,0.9971402515216047,0.9957139876774905,0.9942901168365917,0.9965716687426355,0.0019366700444707196
260,0.05345625877380371,0.001084926487282405,0.001942920684814453,7.485984988046785e-05,False,10,1,10,10,"{'bootstrap': False, 'max_depth': 10, 'min_samples_leaf': 1, 'min_samples_split': 10, 'n_estimators': 10}",0.5576120282858583,0.541224343168822,0.5748769891303521,0.5645833333333333,0.5777017033969172,0.5631996794630565,0.013135600543558426,228,0.97421875,0.9786218935889608,0.974309406770401,0.9716009334903599,0.974309406770401,0.9746120781240247,0.002257588934126246
261,0.3298810958862305,0.024813657322378002,0.005233049392700195,0.0006437562478043637,False,10,1,10,50,"{'bootstrap': False, 'max_depth': 10, 'min_samples_leaf': 1, 'min_samples_split': 10, 'n_estimators': 50}",0.6728029675559704,0.6440611887195306,0.541224343168822,0.5922206548916665,0.5656364965726427,0.6031891301817264,0.0487580846502541,195,0.9914495126948776,0.9886183566695658,0.9942901168365917,0.9900327587875246,0.9928686286186559,0.991451874721443,0.002005269561573036
262,0.8051690101623535,0.07129742208908532,0.012504339218139648,0.005005743460009755,False,10,1,10,100,"{'bootstrap': False, 'max_depth': 10, 'min_samples_leaf': 1, 'min_samples_split': 10, 'n_estimators': 100}",0.7030839733292359,0.6612781870875146,0.6041583810049808,0.6388849099457046,0.6204274288811966,0.6455665760497264,0.034485839732742496,57,0.9914495126948776,0.9942901168365917,0.9928686286186559,0.9900327587875246,0.9914495126948776,0.9920181059265054,0.0014473162898122442
263,1.454255962371826,0.06014503569375221,0.016076374053955077,0.00243709012442527,False,10,1,10,200,"{'bootstrap': False, 'max_depth': 10, 'min_samples_leaf': 1, 'min_samples_split': 10, 'n_estimators': 200}",0.7073862976639875,0.6850710962078297,0.5641664155189454,0.638592278367959,0.6348484546322237,0.6460129084781892,0.04933719513615341,54,0.9914495126948776,0.9957139876774905,0.9942901168365917,0.9928686286186559,0.9928686286186559,0.9934381748892545,0.0014497359870528882
264,0.07530217170715332,0.009843719480133106,0.0027765274047851563,0.0005672854856432919,False,10,2,2,10,"{'bootstrap': False, 'max_depth': 10, 'min_samples_leaf': 2, 'min_samples_split': 2, 'n_estimators': 10}",0.6497474141506256,0.5700979538993481,0.5576918887937425,0.5459974238265741,0.48966238772219794,0.5626394136784977,0.05151798465511152,229,0.974309406770401,0.98572460737223,0.982935416158566,0.974460877367372,0.9772131141856927,0.9789286843708525,0.004614773560856869
265,0.35137057304382324,0.021185282092650533,0.00540766716003418,0.0006292262558133464,False,10,2,2,50,"{'bootstrap': False, 'max_depth': 10, 'min_samples_leaf': 2, 'min_samples_split': 2, 'n_estimators': 50}",0.6382196374479532,0.6228240100128914,0.5517010398791544,0.6267494209895906,0.5853035173520137,0.6049595251363207,0.032009371584236126,191,0.9942901168365917,0.9942901168365917,0.9957139876774905,0.9928686286186559,0.9900327587875246,0.993439121751371,0.0019262487538165382
266,0.7195888042449952,0.03150617827697716,0.009714221954345703,0.001381754422453075,False,10,2,2,100,"{'bootstrap': False, 'max_depth': 10, 'min_samples_leaf': 2, 'min_samples_split': 2, 'n_estimators': 100}",0.6502125726122083,0.6503494026200973,0.6156363467926402,0.6268904600705456,0.6234191043851623,0.6333015772961308,0.0143348259460277,94,0.9957139876774905,0.9971402515216047,0.9971402515216047,0.9942901168365917,0.9957139876774905,0.9959997190469565,0.0010665508145542876
267,1.4062501907348632,0.06930813823805985,0.016342592239379884,0.0025885958344360168,False,10,2,2,200,"{'bootstrap': False, 'max_depth': 10, 'min_samples_leaf': 2, 'min_samples_split': 2, 'n_estimators': 200}",0.6900618139105683,0.6388849099457046,0.5867935795839886,0.6670248489545251,0.6195499997502698,0.6404630304290112,0.0360161763563786,73,0.9957139876774905,0.9957139876774905,0.9942901168365917,0.9957139876774905,0.9942901168365917,0.995144439341131,0.0006975514039659283
268,0.06929783821105957,0.003996755308290958,0.0025460243225097655,0.00025959145400583227,False,10,2,5,10,"{'bootstrap': False, 'max_depth': 10, 'min_samples_leaf': 2, 'min_samples_split': 5, 'n_estimators': 10}",0.564140739959381,0.5408524452393346,0.45545302715542074,0.4963904801382978,0.5322395836388861,0.517815255226264,0.038033912202510956,308,0.9828947767098999,0.9900058357183138,0.9871430428179717,0.9815283191765778,0.9785842853613351,0.9840312519568195,0.004064593142449904
269,0.38105273246765137,0.04604913308276252,0.005497169494628906,0.0008313999067748033,False,10,2,5,50,"{'bootstrap': False, 'max_depth': 10, 'min_samples_leaf': 2, 'min_samples_split': 5, 'n_estimators': 50}",0.673781200845412,0.6452035590896114,0.5809184929987056,0.6095579107524128,0.6591024761916439,0.633712727975557,0.033920045619559004,93,0.9942901168365917,0.9957139876774905,0.9900327587875246,0.9957139876774905,0.9900327587875246,0.9931567219533244,0.0026031554564395144
270,0.6820951938629151,0.029120612800098023,0.008792686462402343,0.001175498091978846,False,10,2,5,100,"{'bootstrap': False, 'max_depth': 10, 'min_samples_leaf': 2, 'min_samples_split': 5, 'n_estimators': 100}",0.6843307442586428,0.6791666666666667,0.597850936751175,0.6329926325693158,0.6113865073248417,0.6411454975141284,0.03503444172714047,69,0.9942901168365917,0.9971402515216047,0.9957139876774905,0.9942901168365917,0.9957139876774905,0.9954296921099539,0.0010662949917865968
271,1.4024133205413818,0.08299000251038223,0.018544435501098633,0.004680417117250368,False,10,2,5,200,"{'bootstrap': False, 'max_depth': 10, 'min_samples_leaf': 2, 'min_samples_split': 5, 'n_estimators': 200}",0.6733968134508932,0.6791666666666667,0.5926804152173214,0.6329926325693158,0.6294596515948581,0.641539235899811,0.03173916803412057,67,0.9928686286186559,0.9971402515216047,0.9957139876774905,0.9942901168365917,0.9971402515216047,0.9954306472351895,0.0016607543117566834
272,0.0692979335784912,0.004422488058940071,0.002642250061035156,0.0003068391944667929,False,10,2,10,10,"{'bootstrap': False, 'max_depth': 10, 'min_samples_leaf': 2, 'min_samples_split': 10, 'n_estimators': 10}",0.649968410611954,0.536740504407823,0.6215215963942541,0.5471689685505626,0.5427614911965432,0.5796321942322273,0.04680793131106086,219,0.9757221670047878,0.9744024564031553,0.974460877367372,0.9871430428179717,0.9615596108158055,0.9746576308818184,0.008107782729972849
273,0.4108270645141602,0.10478303903240921,0.00627446174621582,0.0005363660546970112,False,10,2,10,50,"{'bootstrap': False, 'max_depth': 10, 'min_samples_leaf': 2, 'min_samples_split': 10, 'n_estimators': 50}",0.6555383078412006,0.645699015388991,0.5748769891303521,0.6497685983882067,0.5891310536439784,0.6230027928785458,0.03392189351994947,131,0.9900058357183138,0.9914495126948776,0.9914269777566959,0.9871706404309772,0.9900327587875246,0.9900171450776778,0.0015583494837078157
274,0.7387180805206299,0.049767257604615,0.00958714485168457,0.0014490326704545116,False,10,2,10,100,"{'bootstrap': False, 'max_depth': 10, 'min_samples_leaf': 2, 'min_samples_split': 10, 'n_estimators': 100}",0.6674497772303134,0.668097878928275,0.5526953793438837,0.644219997514806,0.6195499997502698,0.6304026065535095,0.04275637716779908,105,0.9957139876774905,0.9942901168365917,0.9942901168365917,0.9928504964710977,0.9914495126948776,0.99371884610333,0.0014517021460907786
275,1.4529655933380128,0.10968958260567586,0.018900346755981446,0.002986374161969044,False,10,2,10,200,"{'bootstrap': False, 'max_depth': 10, 'min_samples_leaf': 2, 'min_samples_split': 10, 'n_estimators': 200}",0.6960040197657879,0.6329926325693158,0.5807110661923586,0.6730261757309371,0.6355171025060141,0.6436501993528827,0.03935717463704847,60,0.9872062961643026,0.9957139876774905,0.9957139876774905,0.9928686286186559,0.9914495126948776,0.9925904825665635,0.003158518926479808
276,0.06870822906494141,0.004507292179970847,0.0028063297271728516,0.00028195771066752553,False,10,4,2,10,"{'bootstrap': False, 'max_depth': 10, 'min_samples_leaf': 4, 'min_samples_split': 2, 'n_estimators': 10}",0.6671905646871329,0.5293671616531712,0.5290502621624715,0.5806598500961536,0.5212901723170247,0.5655116021831909,0.0550626290463024,226,0.9787210316686566,0.9700849577447364,0.9685858268107351,0.9842802499176295,0.9686813851352425,0.9740706902553999,0.006338378090455194
277,0.37434096336364747,0.06542850756228333,0.005034208297729492,0.00040585784004554964,False,10,4,2,50,"{'bootstrap': False, 'max_depth': 10, 'min_samples_leaf': 4, 'min_samples_split': 2, 'n_estimators': 50}",0.7021908539631214,0.6329926325693158,0.6383834518385055,0.6618138952944901,0.5738880232192617,0.6418537713769389,0.04183031413488406,66,0.9900327587875246,0.9886183566695658,0.9914495126948776,0.9872062961643026,0.9914269777566959,0.9897467804145933,0.0016450862792469175
278,0.7195911884307862,0.051699429196732226,0.010130023956298828,0.0010570974406721276,False,10,4,2,100,"{'bootstrap': False, 'max_depth': 10, 'min_samples_leaf': 4, 'min_samples_split': 2, 'n_estimators': 100}",0.6618046930315508,0.6282776446944284,0.5863104437130514,0.6557052811009695,0.6012490234493173,0.6266694171978634,0.029513381897941077,119,0.9928686286186559,0.9928686286186559,0.9914495126948776,0.9942901168365917,0.9900058357183138,0.992296544497419,0.0014555892786252338
279,1.3879894733428955,0.11213812662057525,0.019817447662353514,0.00967434336730124,False,10,4,2,200,"{'bootstrap': False, 'max_depth': 10, 'min_samples_leaf': 4, 'min_samples_split': 2, 'n_estimators': 200}",0.7016882047132211,0.6555622813752365,0.5924114847666656,0.6266918607452808,0.6348484546322237,0.6422404572465256,0.03603007835458403,64,0.9928686286186559,0.9928686286186559,0.9942901168365917,0.9914495126948776,0.9928686286186559,0.9928691030774874,0.0008982780898247162
280,0.07132906913757324,0.010582474656439241,0.0031102180480957033,0.0012573720769691484,False,10,4,5,10,"{'bootstrap': False, 'max_depth': 10, 'min_samples_leaf': 4, 'min_samples_split': 5, 'n_estimators': 10}",0.47121064682815744,0.5650734396542887,0.471544798883942,0.48626690142042667,0.5467205049355897,0.5081632583444808,0.03977760052865882,331,0.974351963199256,0.9785546641169452,0.974309406770401,0.9842600228519194,0.9699267855368378,0.9762805684950718,0.004833606470176055
281,0.3442080497741699,0.021228229241527726,0.005220270156860352,0.0006636331807983189,False,10,4,5,50,"{'bootstrap': False, 'max_depth': 10, 'min_samples_leaf': 4, 'min_samples_split': 5, 'n_estimators': 50}",0.6900655593423541,0.6392608709294946,0.570545533011992,0.6444636687443775,0.5770739992606925,0.6242819262577821,0.04488952266511156,127,0.9928686286186559,0.9942901168365917,0.9942901168365917,0.9871706404309772,0.9885870600335538,0.9914413125512741,0.002988444433556967
282,0.6971026420593261,0.034095615020046134,0.00933380126953125,0.0011771770913384337,False,10,4,5,100,"{'bootstrap': False, 'max_depth': 10, 'min_samples_leaf': 4, 'min_samples_split': 5, 'n_estimators': 100}",0.6727877757868226,0.6507134272490784,0.5867935795839886,0.6267185517348044,0.6099736032076876,0.6293973875124763,0.030121896860925257,110,0.9886183566695658,0.9928686286186559,0.9928686286186559,0.9871706404309772,0.9914269777566959,0.9905906464189101,0.0023092952918215156
283,1.4272862911224364,0.1144039109342741,0.01626443862915039,0.003944690658710159,False,10,4,5,200,"{'bootstrap': False, 'max_depth': 10, 'min_samples_leaf': 4, 'min_samples_split': 5, 'n_estimators': 200}",0.6793793254186263,0.6732783879688828,0.5690529772319189,0.6555383078412006,0.6348484546322237,0.6424194906185705,0.03982554499781663,62,0.9942901168365917,0.9942901168365917,0.9928686286186559,0.9914495126948776,0.9928686286186559,0.9931534007210745,0.0010629837026974876
284,0.06699681282043457,0.002503028152459625,0.00259857177734375,0.00022137579890911071,False,10,4,10,10,"{'bootstrap': False, 'max_depth': 10, 'min_samples_leaf': 4, 'min_samples_split': 10, 'n_estimators': 10}",0.6270283317735235,0.6223092392509477,0.48814761567283765,0.48897455885502555,0.5001334877796345,0.5453186466663937,0.06494444639322146,243,0.9559792025796349,0.9828621547109061,0.9614115752220508,0.9729457981026967,0.9756918712166032,0.9697781203663783,0.00976327604675664
285,0.3482720375061035,0.023968869233123438,0.006033611297607422,0.0009348232067982053,False,10,4,10,50,"{'bootstrap': False, 'max_depth': 10, 'min_samples_leaf': 4, 'min_samples_split': 10, 'n_estimators': 50}",0.6844564417606239,0.6159559245969192,0.5576918887937425,0.6156363467926402,0.5778897623525527,0.6103260728592957,0.043307452949390056,179,0.9872062961643026,0.9928686286186559,0.985700699596904,0.9886183566695658,0.9900327587875246,0.9888853479673905,0.002458274227628619
286,0.7044262886047363,0.07463143360427664,0.010553693771362305,0.002887106476124257,False,10,4,10,100,"{'bootstrap': False, 'max_depth': 10, 'min_samples_leaf': 4, 'min_samples_split': 10, 'n_estimators': 100}",0.5979676237646971,0.6745611015605348,0.5694255012307455,0.6209258851871853,0.6301720928443615,0.6186104409175048,0.03497082697286323,153,0.9900327587875246,0.9900327587875246,0.9914495126948776,0.98572460737223,0.9957139876774905,0.9905907250639295,0.003202720410003432
287,1.4675872325897217,0.13998911746697157,0.017436790466308593,0.001761817364281165,False,10,4,10,200,"{'bootstrap': False, 'max_depth': 10, 'min_samples_leaf': 4, 'min_samples_split': 10, 'n_estimators': 200}",0.6844564417606239,0.6795450388476068,0.5979139540863954,0.6670633740309424,0.626601869034338,0.6511161355519812,0.03348287428336497,39,0.9942901168365917,0.9942901168365917,0.9928686286186559,0.9886183566695658,0.9914495126948776,0.9923033463312565,0.0021223684332164015
288,0.08398575782775879,0.012197620561759631,0.0035840988159179686,0.0019286893047593854,False,15,1,2,10,"{'bootstrap': False, 'max_depth': 15, 'min_samples_leaf': 1, 'min_samples_split': 2, 'n_estimators': 10}",0.6053933596227771,0.6228240100128914,0.5825090745511257,0.5335097208858346,0.4928701383720465,0.5674212606889351,0.047847360277782705,224,1.0,1.0,1.0,1.0,1.0,1.0,0.0
289,0.4684728145599365,0.04972989130358053,0.008747339248657227,0.003568180324581959,False,15,1,2,50,"{'bootstrap': False, 'max_depth': 15, 'min_samples_leaf': 1, 'min_samples_split': 2, 'n_estimators': 50}",0.6555383078412006,0.6440611887195306,0.5994149194122841,0.6039044765346255,0.6204274288811966,0.6246692642777675,0.02198133797661228,125,1.0,1.0,1.0,1.0,1.0,1.0,0.0
290,0.8081626892089844,0.051478263801161724,0.009783220291137696,0.001444701722114397,False,15,1,2,100,"{'bootstrap': False, 'max_depth': 15, 'min_samples_leaf': 1, 'min_samples_split': 2, 'n_estimators': 100}",0.6727877757868226,0.690625,0.5922206548916665,0.667405741094501,0.6294596515948581,0.6504997646735695,0.035303662652668426,41,1.0,1.0,1.0,1.0,1.0,1.0,0.0
291,1.7343128204345704,0.15857598066464434,0.018476152420043947,0.002791721690427603,False,15,1,2,200,"{'bootstrap': False, 'max_depth': 15, 'min_samples_leaf': 1, 'min_samples_split': 2, 'n_estimators': 200}",0.6728029675559704,0.7188261305840546,0.6159559245969192,0.6555383078412006,0.6355171025060141,0.6597280866168317,0.035166061701660395,14,1.0,1.0,1.0,1.0,1.0,1.0,0.0
292,0.07792873382568359,0.003551952362308408,0.0025618553161621095,0.00031441206027163683,False,15,1,5,10,"{'bootstrap': False, 'max_depth': 15, 'min_samples_leaf': 1, 'min_samples_split': 5, 'n_estimators': 10}",0.5635535401295892,0.5697244836420027,0.5716619504750294,0.5697244836420027,0.536740504407823,0.5622809924592895,0.01305947474248198,230,1.0,1.0,1.0,1.0,1.0,1.0,0.0
293,0.45122590065002444,0.040011584790920825,0.006813144683837891,0.0009029874291984291,False,15,1,5,50,"{'bootstrap': False, 'max_depth': 15, 'min_samples_leaf': 1, 'min_samples_split': 5, 'n_estimators': 50}",0.6613694353744256,0.6386204521928659,0.5867935795839886,0.6497474141506256,0.6240944094871153,0.6321250581578043,0.025796920129956723,101,1.0,1.0,1.0,1.0,1.0,1.0,0.0
294,0.8198243141174316,0.06434223031923299,0.009571552276611328,0.0015807996341819304,False,15,1,5,100,"{'bootstrap': False, 'max_depth': 15, 'min_samples_leaf': 1, 'min_samples_split': 5, 'n_estimators': 100}",0.6670757820592057,0.6965236525274136,0.6210590034081188,0.6498137077451323,0.6342615127009412,0.6537467316881623,0.026348277198738224,33,1.0,1.0,1.0,1.0,1.0,1.0,0.0
295,1.5269791603088378,0.06273124970417956,0.015999507904052735,0.0015126382482325376,False,15,1,5,200,"{'bootstrap': False, 'max_depth': 15, 'min_samples_leaf': 1, 'min_samples_split': 5, 'n_estimators': 200}",0.7193825127161433,0.6958484106783056,0.6333333333333333,0.6497474141506256,0.670519999401263,0.673766334055934,0.03095392903351039,3,1.0,1.0,1.0,1.0,1.0,1.0,0.0
296,0.07530760765075684,0.002983462745712908,0.002550506591796875,0.0001679126788557878,False,15,1,10,10,"{'bootstrap': False, 'max_depth': 15, 'min_samples_leaf': 1, 'min_samples_split': 10, 'n_estimators': 10}",0.534539701480177,0.5631942613444365,0.5119605423909456,0.5692014774930506,0.560904640035022,0.5479601245487264,0.021572724217698472,240,1.0,0.9985689188010128,0.9985689188010128,0.9985689188010128,0.9985689188010128,0.9988551350408101,0.0005724324795948644
297,0.41435537338256834,0.05271249678379807,0.007561922073364258,0.00392441510838339,False,15,1,10,50,"{'bootstrap': False, 'max_depth': 15, 'min_samples_leaf': 1, 'min_samples_split': 10, 'n_estimators': 50}",0.6555063664765035,0.6909921987669386,0.5930269392481337,0.6156363467926402,0.670519999401263,0.6451363701370958,0.03588945985362407,58,1.0,1.0,1.0,1.0,1.0,1.0,0.0
298,0.8516345500946045,0.08002722945264566,0.010509395599365234,0.0015300738116025895,False,15,1,10,100,"{'bootstrap': False, 'max_depth': 15, 'min_samples_leaf': 1, 'min_samples_split': 10, 'n_estimators': 100}",0.6733968134508932,0.7135416666666666,0.6274204172713119,0.6382661297399683,0.6415920154494488,0.6588434085156578,0.03134370872517437,19,1.0,1.0,1.0,1.0,1.0,1.0,0.0
299,1.5337390422821044,0.08609659380598617,0.017414331436157227,0.002311078533551323,False,15,1,10,200,"{'bootstrap': False, 'max_depth': 15, 'min_samples_leaf': 1, 'min_samples_split': 10, 'n_estimators': 200}",0.6900618139105683,0.6785644666866483,0.6044914319225264,0.6382661297399683,0.646277804879285,0.6515323294277993,0.03043585300194205,38,1.0,1.0,1.0,1.0,1.0,1.0,0.0
300,0.07380800247192383,0.0005715387642864123,0.002339601516723633,0.0002172523155435156,False,15,2,2,10,"{'bootstrap': False, 'max_depth': 15, 'min_samples_leaf': 2, 'min_samples_split': 2, 'n_estimators': 10}",0.5231631226958185,0.5710669320153,0.5464395176948256,0.6094324365644169,0.5311334776230205,0.5562470973186763,0.03120813900334932,235,1.0,1.0,1.0,1.0,1.0,1.0,0.0
301,0.40045619010925293,0.018588985194145303,0.006515693664550781,0.0008268586406344433,False,15,2,2,50,"{'bootstrap': False, 'max_depth': 15, 'min_samples_leaf': 2, 'min_samples_split': 2, 'n_estimators': 50}",0.6728029675559704,0.6408854868548307,0.6100505602191924,0.6960040197657879,0.6380134924770163,0.6515513053745595,0.029822880053463428,37,1.0,1.0,1.0,1.0,1.0,1.0,0.0
302,0.8094806671142578,0.06497518619745787,0.01028285026550293,0.0015945431119516902,False,15,2,2,100,"{'bootstrap': False, 'max_depth': 15, 'min_samples_leaf': 2, 'min_samples_split': 2, 'n_estimators': 100}",0.6900618139105683,0.6795450388476068,0.6325600960638247,0.6382196374479532,0.6408854868548307,0.6562544146249567,0.023699245911384555,27,1.0,1.0,1.0,1.0,1.0,1.0,0.0
303,1.6132527351379395,0.0996908906424043,0.0181887149810791,0.0028126389068242226,False,15,2,2,200,"{'bootstrap': False, 'max_depth': 15, 'min_samples_leaf': 2, 'min_samples_split': 2, 'n_estimators': 200}",0.7363006273672366,0.6786758482732964,0.6093884109691801,0.6672170820032036,0.6577071551263463,0.6698578247478526,0.04075184868455521,5,1.0,1.0,1.0,1.0,1.0,1.0,0.0
304,0.08907756805419922,0.017774651295528236,0.0029981136322021484,0.000301405784152822,False,15,2,5,10,"{'bootstrap': False, 'max_depth': 15, 'min_samples_leaf': 2, 'min_samples_split': 5, 'n_estimators': 10}",0.5068112346436368,0.5602287114655289,0.5825090745511257,0.5467685520666838,0.5205549521616106,0.5433745049777171,0.027146650238738437,245,1.0,1.0,1.0,1.0,1.0,1.0,0.0
305,0.40416803359985354,0.02446575721478477,0.006556034088134766,0.0007176508379895092,False,15,2,5,50,"{'bootstrap': False, 'max_depth': 15, 'min_samples_leaf': 2, 'min_samples_split': 5, 'n_estimators': 50}",0.6900618139105683,0.6559347049194393,0.5692014774930506,0.6100505602191924,0.6228240100128914,0.6296145133110285,0.04104929409488167,108,1.0,1.0,1.0,1.0,1.0,1.0,0.0
306,0.78120436668396,0.07322848627924847,0.00956587791442871,0.0014859409387716375,False,15,2,5,100,"{'bootstrap': False, 'max_depth': 15, 'min_samples_leaf': 2, 'min_samples_split': 5, 'n_estimators': 100}",0.690625,0.6909921987669386,0.5760416666666667,0.6612781870875146,0.6095579107524128,0.6456989926547065,0.04576210838666002,56,1.0,1.0,1.0,1.0,1.0,1.0,0.0
307,1.6135021209716798,0.16274278016144522,0.017105531692504884,0.002495824644968794,False,15,2,5,200,"{'bootstrap': False, 'max_depth': 15, 'min_samples_leaf': 2, 'min_samples_split': 5, 'n_estimators': 200}",0.7188261305840546,0.7020833333333333,0.6097641467563155,0.6785433314325467,0.669785181562711,0.6758004247337923,0.03727331309408655,1,1.0,1.0,1.0,1.0,1.0,1.0,0.0
308,0.08092718124389649,0.00893696261107959,0.0027287483215332033,0.00032636364701617217,False,15,2,10,10,"{'bootstrap': False, 'max_depth': 15, 'min_samples_leaf': 2, 'min_samples_split': 10, 'n_estimators': 10}",0.540065829210017,0.5575252005292465,0.53570447587617,0.5521348341775848,0.5467205049355897,0.5464301689457216,0.007890152575555838,242,0.9971387638065798,0.9971354166666667,0.9957035870275044,0.9985689188010128,1.0,0.9977093372603527,0.0014604101562527114
309,0.3843337059020996,0.019754466930650957,0.0061894416809082035,0.0007749811019759513,False,15,2,10,50,"{'bootstrap': False, 'max_depth': 15, 'min_samples_leaf': 2, 'min_samples_split': 10, 'n_estimators': 50}",0.6729088637554601,0.6559347049194393,0.5765205995736205,0.6267185517348044,0.6204274288811966,0.6305020297729043,0.033090686390842255,104,1.0,1.0,1.0,1.0,1.0,1.0,0.0
310,0.758312177658081,0.06325553738444853,0.009967994689941407,0.0016330259456887677,False,15,2,10,100,"{'bootstrap': False, 'max_depth': 15, 'min_samples_leaf': 2, 'min_samples_split': 10, 'n_estimators': 100}",0.6903478134446245,0.6785433314325467,0.6100505602191924,0.6382590096888986,0.6530119380545361,0.6540425305679596,0.028649041572786017,31,1.0,1.0,1.0,1.0,1.0,1.0,0.0
311,1.5591981410980225,0.1038953326230472,0.017380619049072267,0.0021375786229150652,False,15,2,10,200,"{'bootstrap': False, 'max_depth': 15, 'min_samples_leaf': 2, 'min_samples_split': 10, 'n_estimators': 200}",0.7016882047132211,0.6671905646871329,0.6097641467563155,0.6382196374479532,0.6523113221148034,0.6538347751438852,0.030517868722245062,32,1.0,1.0,1.0,1.0,1.0,1.0,0.0
312,0.07169561386108399,0.004749260631762047,0.0025121688842773436,0.0003134771650796332,False,15,4,2,10,"{'bootstrap': False, 'max_depth': 15, 'min_samples_leaf': 4, 'min_samples_split': 2, 'n_estimators': 10}",0.5747523525287439,0.6388849099457046,0.5815624465737409,0.534539701480177,0.5467205049355897,0.5752919830927912,0.03622360578366771,223,0.9957139876774905,0.9957047054745953,0.9985685463414732,0.9971354166666667,0.9971387638065798,0.9968522839933611,0.0010696210731917528
313,0.3676259994506836,0.019100514317829886,0.005636835098266601,0.0008921072926107419,False,15,4,2,50,"{'bootstrap': False, 'max_depth': 15, 'min_samples_leaf': 4, 'min_samples_split': 2, 'n_estimators': 50}",0.6555063664765035,0.6392608709294946,0.5809184929987056,0.6615482099432778,0.6228240100128914,0.6320115900721746,0.028885583603425535,102,1.0,1.0,0.9985689188010128,0.9985689188010128,1.0,0.9994275675204051,0.0007010837436017805
314,0.7416948318481446,0.051978965854517084,0.009677553176879882,0.002083442618381974,False,15,4,2,100,"{'bootstrap': False, 'max_depth': 15, 'min_samples_leaf': 4, 'min_samples_split': 2, 'n_estimators': 100}",0.6731064446466838,0.6909921987669386,0.5692014774930506,0.6555622813752365,0.6066079810749126,0.6390940766713645,0.044859290777957084,77,0.9985689188010128,1.0,0.9985689188010128,1.0,1.0,0.9994275675204051,0.0007010837436017805
315,1.5255506038665771,0.14731087470410378,0.016584014892578124,0.0026678994624464883,False,15,4,2,200,"{'bootstrap': False, 'max_depth': 15, 'min_samples_leaf': 4, 'min_samples_split': 2, 'n_estimators': 200}",0.6903332643718186,0.7015666519980601,0.5748769891303521,0.6728029675559704,0.6081345056175178,0.6495428757347438,0.04939839817560108,43,0.9985689188010128,1.0,0.9985689188010128,1.0,1.0,0.9994275675204051,0.0007010837436017805
316,0.07592391967773438,0.005945842091279831,0.005775594711303711,0.006140008232291396,False,15,4,5,10,"{'bootstrap': False, 'max_depth': 15, 'min_samples_leaf': 4, 'min_samples_split': 5, 'n_estimators': 10}",0.5692289455418137,0.6036233957244767,0.48304589153964794,0.551636170160129,0.5770739992606925,0.5569216804453518,0.04055663630829726,232,1.0,0.9942764022352503,1.0,0.9985689188010128,0.9971402515216047,0.9979971145115736,0.0021414002303016995
317,0.4233212947845459,0.09950915120048823,0.006180810928344727,0.0011440339605810015,False,15,4,5,50,"{'bootstrap': False, 'max_depth': 15, 'min_samples_leaf': 4, 'min_samples_split': 5, 'n_estimators': 50}",0.6626175309437442,0.6612781870875146,0.639719787230254,0.6843554189103456,0.5939512170869513,0.6483844282517619,0.030662005413408418,47,1.0,0.9985689188010128,0.9985689188010128,0.9971354166666667,1.0,0.9988546508537384,0.0010716996907333607
318,0.8246818542480469,0.09948096713144235,0.00994424819946289,0.0015118580198965152,False,15,4,5,100,"{'bootstrap': False, 'max_depth': 15, 'min_samples_leaf': 4, 'min_samples_split': 5, 'n_estimators': 100}",0.7130987788666115,0.6843554189103456,0.6100505602191924,0.6271143125802996,0.6066079810749126,0.6482454103302724,0.04277601550468451,48,1.0,1.0,0.9985689188010128,1.0,1.0,0.9997137837602026,0.0005724324795948644
319,1.4642963886260987,0.11174419487615389,0.016498613357543945,0.0026440218457192666,False,15,4,5,200,"{'bootstrap': False, 'max_depth': 15, 'min_samples_leaf': 4, 'min_samples_split': 5, 'n_estimators': 200}",0.6962444786814135,0.6785644666866483,0.6113865073248417,0.6325600960638247,0.6163557582903271,0.647022261409411,0.034167917689362795,52,1.0,1.0,0.9985689188010128,1.0,1.0,0.9997137837602026,0.0005724324795948644
320,0.06838345527648926,0.003943789875110278,0.0025209903717041014,0.0002565880819503413,False,15,4,10,10,"{'bootstrap': False, 'max_depth': 15, 'min_samples_leaf': 4, 'min_samples_split': 10, 'n_estimators': 10}",0.5927568966908894,0.6126717164682163,0.5346727113951265,0.6095479826756331,0.5464395176948256,0.5792177649849382,0.032499453401842106,221,0.9914125529488957,0.9942708333333333,0.9885416666666667,0.9957047054745953,0.9942901168365917,0.9928439750520164,0.0025639756569312117
321,0.3843843460083008,0.03706149456483278,0.0064542293548583984,0.001027775379349593,False,15,4,10,50,"{'bootstrap': False, 'max_depth': 15, 'min_samples_leaf': 4, 'min_samples_split': 10, 'n_estimators': 50}",0.649968410611954,0.6621659835686622,0.5867935795839886,0.6671905646871329,0.6028580008298084,0.6337953078563092,0.03270470026939202,92,0.9985689188010128,0.9985689188010128,1.0,0.9985685463414732,1.0,0.9991412767886997,0.0007011445791803556
322,0.8010035514831543,0.1445399223724433,0.01127638816833496,0.003591235231550211,False,15,4,10,100,"{'bootstrap': False, 'max_depth': 15, 'min_samples_leaf': 4, 'min_samples_split': 10, 'n_estimators': 100}",0.6731064446466838,0.6671905646871329,0.6159559245969192,0.6382661297399683,0.6240944094871153,0.643722694631564,0.022804310496837878,59,1.0,1.0,0.9985689188010128,1.0,1.0,0.9997137837602026,0.0005724324795948644
323,1.4765472888946534,0.15159615005464377,0.015432071685791016,0.0022545365678472893,False,15,4,10,200,"{'bootstrap': False, 'max_depth': 15, 'min_samples_leaf': 4, 'min_samples_split': 10, 'n_estimators': 200}",0.7073165418847467,0.7020833333333333,0.5921085306372637,0.6785644666866483,0.6355171025060141,0.6631179950096011,0.04362237022736844,12,1.0,0.9985689188010128,0.9985689188010128,0.9985689188010128,1.0,0.9991413512806077,0.0007010837436017805
324,0.09018325805664062,0.005969354981874648,0.003180789947509766,2.8449001611430974e-05,False,20,1,2,10,"{'bootstrap': False, 'max_depth': 20, 'min_samples_leaf': 1, 'min_samples_split': 2, 'n_estimators': 10}",0.5388127120036633,0.5291270714538634,0.5477225575051661,0.5880920218033365,0.4862483688226616,0.5380005463177382,0.032745562943995624,256,1.0,1.0,1.0,1.0,1.0,1.0,0.0
325,0.43930916786193847,0.03724711992386673,0.006680631637573242,0.0008345829008500666,False,20,1,2,50,"{'bootstrap': False, 'max_depth': 20, 'min_samples_leaf': 1, 'min_samples_split': 2, 'n_estimators': 50}",0.7135416666666666,0.6613694353744256,0.6173949065130319,0.639719787230254,0.6161878771933118,0.649642734595538,0.03599501025210198,42,1.0,1.0,1.0,1.0,1.0,1.0,0.0
326,0.8218581199645996,0.06721137326194114,0.009749460220336913,0.0016895426277351439,False,20,1,2,100,"{'bootstrap': False, 'max_depth': 20, 'min_samples_leaf': 1, 'min_samples_split': 2, 'n_estimators': 100}",0.6613694353744256,0.668097878928275,0.5924114847666656,0.667405741094501,0.6577071551263463,0.6493983390580427,0.028753380507205443,44,1.0,1.0,1.0,1.0,1.0,1.0,0.0
327,1.591724967956543,0.12347185916787848,0.01611943244934082,0.002483303582695555,False,20,1,2,200,"{'bootstrap': False, 'max_depth': 20, 'min_samples_leaf': 1, 'min_samples_split': 2, 'n_estimators': 200}",0.7075515977709518,0.6791666666666667,0.5765205995736205,0.6555383078412006,0.6362674297724058,0.651008920324969,0.04421825386679833,40,1.0,1.0,1.0,1.0,1.0,1.0,0.0
328,0.07908258438110352,0.008164249614898431,0.002621316909790039,0.0005490032808611986,False,20,1,5,10,"{'bootstrap': False, 'max_depth': 20, 'min_samples_leaf': 1, 'min_samples_split': 5, 'n_estimators': 10}",0.581202449429662,0.5178818780670077,0.5487954724560283,0.6402613845320331,0.4958628951246168,0.5568008159218696,0.050701687682816576,233,1.0,1.0,1.0,1.0,1.0,1.0,0.0
329,0.3965867042541504,0.0599979821872077,0.006049823760986328,0.0013987409106378812,False,20,1,5,50,"{'bootstrap': False, 'max_depth': 20, 'min_samples_leaf': 1, 'min_samples_split': 5, 'n_estimators': 50}",0.7134494467404335,0.621875,0.5805543085077647,0.6267185517348044,0.6370995051798665,0.6359393624325738,0.04326544334551196,82,1.0,1.0,1.0,1.0,1.0,1.0,0.0
330,0.8789890766143799,0.0835013866001816,0.010436248779296876,0.0012920465499343735,False,20,1,5,100,"{'bootstrap': False, 'max_depth': 20, 'min_samples_leaf': 1, 'min_samples_split': 5, 'n_estimators': 100}",0.6958585209613152,0.6785644666866483,0.5809184929987056,0.6497685983882067,0.6854883573735568,0.6581196872816865,0.04152353009906367,22,1.0,1.0,1.0,1.0,1.0,1.0,0.0
331,1.7319560527801514,0.13816669025884146,0.018536186218261717,0.0031345923831019983,False,20,1,5,200,"{'bootstrap': False, 'max_depth': 20, 'min_samples_leaf': 1, 'min_samples_split': 5, 'n_estimators': 200}",0.6903332643718186,0.6843554189103456,0.5867935795839886,0.6843554189103456,0.6511619297660798,0.6593999223085156,0.03883805040795408,16,1.0,1.0,1.0,1.0,1.0,1.0,0.0
332,0.07314534187316894,0.0020289048539987643,0.002459812164306641,6.276894250365656e-05,False,20,1,10,10,"{'bootstrap': False, 'max_depth': 20, 'min_samples_leaf': 1, 'min_samples_split': 10, 'n_estimators': 10}",0.6324694015204602,0.5750546327852951,0.5226992479994413,0.5596247894794742,0.5467685520666838,0.5673233247702709,0.03681537394549561,225,1.0,1.0,0.9957047054745953,1.0,1.0,0.999140941094919,0.0017181178101618676
333,0.39191184043884275,0.019271672071795223,0.006632947921752929,0.0016198672403525797,False,20,1,10,50,"{'bootstrap': False, 'max_depth': 20, 'min_samples_leaf': 1, 'min_samples_split': 10, 'n_estimators': 50}",0.6901611318594599,0.6615482099432778,0.5692014774930506,0.6268904600705456,0.6240944094871153,0.6343791377706898,0.04064424356798837,87,1.0,1.0,1.0,1.0,1.0,1.0,0.0
334,0.7696090698242187,0.06679868196111363,0.009560012817382812,0.0016886662041880462,False,20,1,10,100,"{'bootstrap': False, 'max_depth': 20, 'min_samples_leaf': 1, 'min_samples_split': 10, 'n_estimators': 100}",0.6727877757868226,0.6728029675559704,0.5750546327852951,0.6382590096888986,0.6309654938830218,0.6379739759400017,0.035869494350382086,79,1.0,1.0,1.0,1.0,1.0,1.0,0.0
335,1.5648935794830323,0.09477934018925957,0.018235254287719726,0.0035867159725910536,False,20,1,10,200,"{'bootstrap': False, 'max_depth': 20, 'min_samples_leaf': 1, 'min_samples_split': 10, 'n_estimators': 200}",0.6670633740309424,0.7303357192833627,0.5863954716083737,0.6555063664765035,0.6476849529820249,0.6573971768762414,0.045940419988923224,24,1.0,1.0,1.0,1.0,1.0,1.0,0.0
336,0.09524168968200683,0.022464271104797685,0.0026572227478027345,0.0002499596756900048,False,20,2,2,10,"{'bootstrap': False, 'max_depth': 20, 'min_samples_leaf': 2, 'min_samples_split': 2, 'n_estimators': 10}",0.523812620491365,0.5770739992606925,0.5227903496883294,0.49491131089468077,0.4474533311629651,0.5132083222996064,0.042288510421738736,320,1.0,1.0,1.0,1.0,1.0,1.0,0.0
337,0.3933894634246826,0.024774172528660286,0.006025123596191406,0.0008664351262649267,False,20,2,2,50,"{'bootstrap': False, 'max_depth': 20, 'min_samples_leaf': 2, 'min_samples_split': 2, 'n_estimators': 50}",0.6386204521928659,0.6865888278947214,0.5865557254410011,0.6151640840426085,0.6213846740159947,0.6296627527174383,0.03303868095406671,107,1.0,1.0,1.0,1.0,1.0,1.0,0.0
338,0.7829781532287597,0.05431005929467495,0.010191774368286133,0.0016368764023228903,False,20,2,2,100,"{'bootstrap': False, 'max_depth': 20, 'min_samples_leaf': 2, 'min_samples_split': 2, 'n_estimators': 100}",0.6729088637554601,0.6962073733176684,0.621875,0.6843554189103456,0.6530119380545361,0.665671718807602,0.02612395735684609,10,1.0,1.0,1.0,1.0,1.0,1.0,0.0
339,1.5953740119934081,0.148693285369775,0.017638731002807616,0.0037102528589952003,False,20,2,2,200,"{'bootstrap': False, 'max_depth': 20, 'min_samples_leaf': 2, 'min_samples_split': 2, 'n_estimators': 200}",0.6958585209613152,0.7188343942142256,0.5926804152173214,0.6557052811009695,0.6691365053734076,0.6664430233734479,0.04283363994177065,9,1.0,1.0,1.0,1.0,1.0,1.0,0.0
340,0.07499876022338867,0.005160429556956836,0.002639627456665039,0.00027810578773601,False,20,2,5,10,"{'bootstrap': False, 'max_depth': 20, 'min_samples_leaf': 2, 'min_samples_split': 5, 'n_estimators': 10}",0.5756374516940072,0.639719787230254,0.453775210205195,0.5930269392481337,0.49690026519809927,0.5518119307151379,0.06726159854414922,239,1.0,1.0,1.0,1.0,1.0,1.0,0.0
341,0.4228076934814453,0.05536328431396885,0.006388330459594726,0.0008346495233665275,False,20,2,5,50,"{'bootstrap': False, 'max_depth': 20, 'min_samples_leaf': 2, 'min_samples_split': 5, 'n_estimators': 50}",0.6555622813752365,0.6958585209613152,0.5875,0.597850936751175,0.6546650629164467,0.6382873604008348,0.040238168190665356,78,1.0,1.0,1.0,1.0,1.0,1.0,0.0
342,0.8412035465240478,0.10646294769325541,0.010847663879394532,0.0013537756826992057,False,20,2,5,100,"{'bootstrap': False, 'max_depth': 20, 'min_samples_leaf': 2, 'min_samples_split': 5, 'n_estimators': 100}",0.6900618139105683,0.6969304999093825,0.5753082959978251,0.6497474141506256,0.6337563991702796,0.6491608846277361,0.04392418285360542,45,1.0,1.0,1.0,1.0,1.0,1.0,0.0
343,1.5239448070526123,0.1058322883618476,0.015818977355957033,0.002256599090003846,False,20,2,5,200,"{'bootstrap': False, 'max_depth': 20, 'min_samples_leaf': 2, 'min_samples_split': 5, 'n_estimators': 200}",0.7016464154456233,0.6847428806432756,0.6159559245969192,0.6382590096888986,0.6476849529820249,0.6576578366713484,0.03125193446038516,23,1.0,1.0,1.0,1.0,1.0,1.0,0.0
344,0.07913694381713868,0.007556429161149843,0.002823925018310547,0.0003503384485109664,False,20,2,10,10,"{'bootstrap': False, 'max_depth': 20, 'min_samples_leaf': 2, 'min_samples_split': 10, 'n_estimators': 10}",0.6159559245969192,0.5809184929987056,0.45545302715542074,0.5400780789758216,0.5689197806898025,0.5522650608833339,0.05417751819150322,238,1.0,0.9985685463414732,1.0,1.0,1.0,0.9997137092682946,0.0005725814634107262
345,0.426670503616333,0.08741491413413104,0.006148147583007813,0.0010126483570621697,False,20,2,10,50,"{'bootstrap': False, 'max_depth': 20, 'min_samples_leaf': 2, 'min_samples_split': 10, 'n_estimators': 50}",0.6440008336231955,0.6788767772695627,0.6329926325693158,0.6557052811009695,0.6327957448243018,0.6488742538774691,0.017212256775591434,46,1.0,1.0,1.0,1.0,1.0,1.0,0.0
346,0.7779676914215088,0.06575586638681921,0.009481477737426757,0.0014070603619994104,False,20,2,10,100,"{'bootstrap': False, 'max_depth': 20, 'min_samples_leaf': 2, 'min_samples_split': 10, 'n_estimators': 100}",0.7246172613446332,0.6901611318594599,0.5985795240441306,0.6900618139105683,0.5945284284940306,0.6595896319305645,0.05300369143118755,15,1.0,1.0,1.0,1.0,1.0,1.0,0.0
347,1.523448371887207,0.12198670035494241,0.016984033584594726,0.002425640601693561,False,20,2,10,200,"{'bootstrap': False, 'max_depth': 20, 'min_samples_leaf': 2, 'min_samples_split': 10, 'n_estimators': 200}",0.6958585209613152,0.6962073733176684,0.6049032019707433,0.661275190853298,0.6180338163348854,0.655255620687582,0.038164657915408476,28,1.0,1.0,1.0,1.0,1.0,1.0,0.0
348,0.08311958312988281,0.009796062656279705,0.0030182361602783202,0.00037948163649794694,False,20,4,2,10,"{'bootstrap': False, 'max_depth': 20, 'min_samples_leaf': 4, 'min_samples_split': 2, 'n_estimators': 10}",0.4594012461351134,0.610862079331616,0.5346727113951265,0.43311485717698656,0.5159728667934887,0.5108047521664661,0.062106195861225545,326,0.9942841828518796,0.9971402515216047,0.9957047054745953,0.9942734225312736,0.9985689188010128,0.9959942962360732,0.00166803188051884
349,0.4231586456298828,0.05042399388155279,0.0074193477630615234,0.0017807942851974124,False,20,4,2,50,"{'bootstrap': False, 'max_depth': 20, 'min_samples_leaf': 4, 'min_samples_split': 2, 'n_estimators': 50}",0.6449341710238103,0.6615482099432778,0.5815624465737409,0.661275190853298,0.5914441660464558,0.6281528368881165,0.03467605927342156,114,0.9985689188010128,0.9985689188010128,0.9985689188010128,1.0,1.0,0.9991413512806077,0.0007010837436017805
350,0.7978768348693848,0.05896274828325092,0.011263227462768555,0.0033014364221549395,False,20,4,2,100,"{'bootstrap': False, 'max_depth': 20, 'min_samples_leaf': 4, 'min_samples_split': 2, 'n_estimators': 100}",0.6555063664765035,0.6324694015204602,0.5989583333333334,0.6439878839984818,0.5730724798189252,0.6207988930295408,0.030441285614966715,135,1.0,1.0,0.9985689188010128,1.0,1.0,0.9997137837602026,0.0005724324795948644
351,1.4157205104827881,0.1472498280574715,0.01116323471069336,0.002999127444107013,False,20,4,2,200,"{'bootstrap': False, 'max_depth': 20, 'min_samples_leaf': 4, 'min_samples_split': 2, 'n_estimators': 200}",0.7130987788666115,0.6500702441556184,0.6100505602191924,0.6843307442586428,0.6342615127009412,0.6583623680402012,0.03648033046756949,21,1.0,1.0,0.9985689188010128,1.0,1.0,0.9997137837602026,0.0005724324795948644
352,0.10506868362426758,0.041550494425941484,0.0038157939910888673,0.002297534418195879,False,20,4,5,10,"{'bootstrap': False, 'max_depth': 20, 'min_samples_leaf': 4, 'min_samples_split': 5, 'n_estimators': 10}",0.5342782404383052,0.598056818096707,0.5656364965726427,0.5596247894794742,0.5144957554275266,0.5544184200029311,0.028484056217247884,236,0.9971402515216047,0.9971402515216047,0.9985689188010128,0.9985689188010128,0.9971354166666667,0.9977107514623803,0.0007006929219280109
353,0.383834171295166,0.018733418806846702,0.006455183029174805,0.0007580681946957763,False,20,4,5,50,"{'bootstrap': False, 'max_depth': 20, 'min_samples_leaf': 4, 'min_samples_split': 5, 'n_estimators': 50}",0.6038440909348385,0.6618138952944901,0.5748769891303521,0.6441008996345887,0.6037786221489814,0.6176828994286501,0.03118539092157094,155,0.9985689188010128,1.0,0.9985689188010128,1.0,1.0,0.9994275675204051,0.0007010837436017805
354,0.7380128383636475,0.05461455000986715,0.0098052978515625,0.0015637686753456968,False,20,4,5,100,"{'bootstrap': False, 'max_depth': 20, 'min_samples_leaf': 4, 'min_samples_split': 5, 'n_estimators': 100}",0.6687084076123916,0.6612781870875146,0.5582465178543432,0.6557052811009695,0.6066079810749126,0.6301092749460263,0.04203121775109084,106,1.0,1.0,1.0,0.9985689188010128,1.0,0.9997137837602026,0.0005724324795948644
355,1.2585313320159912,0.1001767681956411,0.010461568832397461,0.003296966650057087,False,20,4,5,200,"{'bootstrap': False, 'max_depth': 20, 'min_samples_leaf': 4, 'min_samples_split': 5, 'n_estimators': 200}",0.7188261305840546,0.6559347049194393,0.6153974683025856,0.6555063664765035,0.6248499065627868,0.6541029153690741,0.036189141665891794,30,1.0,1.0,0.9985689188010128,1.0,1.0,0.9997137837602026,0.0005724324795948644
356,0.07426600456237793,0.005289953249973726,0.002871131896972656,0.0003299557263215337,False,20,4,10,10,"{'bootstrap': False, 'max_depth': 20, 'min_samples_leaf': 4, 'min_samples_split': 10, 'n_estimators': 10}",0.557433083703821,0.5638230124116617,0.484375,0.6151640840426085,0.4512614696921451,0.5344113299700473,0.05887884013877065,265,0.995710645075141,0.9971387638065798,0.9985689188010128,0.9957035870275044,0.9942734225312736,0.9962790674483024,0.0014600952221126633
357,0.38769989013671874,0.03881653349359737,0.006307744979858398,0.0007377926720186106,False,20,4,10,50,"{'bootstrap': False, 'max_depth': 20, 'min_samples_leaf': 4, 'min_samples_split': 10, 'n_estimators': 50}",0.6903332643718186,0.6440611887195306,0.5518400241743088,0.6447916666666667,0.6408854868548307,0.6343823261574311,0.04513992679022109,86,1.0,0.9985689188010128,0.9971402515216047,0.9985689188010128,1.0,0.9988556178247261,0.0010701490868519174
358,0.686175012588501,0.06894275210838705,0.007183504104614258,0.002271840178227209,False,20,4,10,100,"{'bootstrap': False, 'max_depth': 20, 'min_samples_leaf': 4, 'min_samples_split': 10, 'n_estimators': 100}",0.6674497772303134,0.6670633740309424,0.6037302435909746,0.6555383078412006,0.6180338163348854,0.6423631038056633,0.026447845474814467,63,1.0,1.0,0.9985689188010128,1.0,1.0,0.9997137837602026,0.0005724324795948644
359,1.0407386779785157,0.1068299755588277,0.007941484451293945,0.00018975237287349245,False,20,4,10,200,"{'bootstrap': False, 'max_depth': 20, 'min_samples_leaf': 4, 'min_samples_split': 10, 'n_estimators': 200}",0.6906104950521854,0.668097878928275,0.5692014774930506,0.6729088637554601,0.6005604038910397,0.6402758238240022,0.04690722430471925,74,1.0,1.0,0.9985689188010128,0.9985689188010128,1.0,0.9994275675204051,0.0007010837436017805
